State,Year,County,Office,D#,R#,LD#,Prog.#,Proh.#,G#,IND#,L#,Ref.#,NL#,S#,SL#,Am.#,BE#,ADP#,NL#,Cit#,I#,SR#,Labor#,NA#,DR#,F1#,F2#,W/I1#,W/I2#,W/I3#,W/I4#,W/I5#,W/I6#,W/I7#,W/I8#,W/I9#,W/I10#,W/I11#
Delaware,1912,Kent,President,4071,3192,,567,97,,,,,,9,,,,,,,,,,,,,,,,,,,,,,,,
Delaware,1912,New Castle,President,13009,8340,,7090,398,,,,,,547,,,,,,,,,,,,,,,,,,,,,,,,
Delaware,1912,Sussex,President,5551,4466,,1229,128,,,,,,,,,,,,,,,,,,,,,,,,,,,,,,
Delaware,1916,Kent,President,4210,3813,,,66,,,,,,,,,,,,,,,,,,,,,,,,,,,,,,
Delaware,1916,New Castle,President,14894,16166,,,436,,,,,,480,,,,,,,,,,,,,,,,,,,,,,,,
Delaware,1916,Sussex,President,5649,6032,,,64,,,,,,,,,,,,,,,,,,,,,,,,,,,,,,
Delaware,1920,Kent,President,7211,6511,,,,,,,,,,,,,,,,,,,,,,,,,,,,,,,,,
Delaware,1920,New Castle,President,24252,36600,,,,,,,,,,,,,,,,,,,,,,,,,,,,,,,,,
Delaware,1920,Sussex,President,8448,9747,,,,,,,,,,,,,,,,,,,,,,,,,,,,,,,,,
Delaware,1924,Kent,President,6936,6894,,192,,,,,,,,,,,,,,,,,,,,,,,,,,,,,,,
Delaware,1924,New Castle,President,17842,35427,,4562,,,,,,,20,,,,,,,,,,,,,,,,,,,,,,,,
Delaware,1924,Sussex,President,8668,10120,,225,,,,,,,,,,,,,,,,,,,,,,,,,,,,,,,
Delaware,1928,Kent,President,5727,8335,,,,,,,,,,,,,,,,,,,,,,,,,,,,,,,,,
Delaware,1928,New Castle,President,22464,47641,,,,,,,,,,,,,,,,,,,,,,,,,,,,,,,,,
Delaware,1928,Sussex,President,7163,12884,,,,,,,,,,,,,,,,,,,,,,,,,,,,,,,,,
Delaware,1932,Kent,President,8829,6597,,,,,,,,,,,,,,,,,,,,,,,,,,,,,,,,,
Delaware,1932,New Castle,President,32872,39844,,,,,,,,,,,,,,,,,,,,,,,,,,,,,,,,,
Delaware,1932,Sussex,President,12618,10632,,,,,,,,,,,,,,,,,,,,,,,,,,,,,,,,,
Delaware,1936,Kent,President,9588,7389,,,,,,,,,,,,,,,,,,,,,,,,,,,,,,,,,
Delaware,1936,New Castle,President,47315,37851,,,,,,,,,,,,,,,,,,,,,,,,,,,,,,,,,
Delaware,1936,Sussex,President,12799,11996,,,,,,,,,,,,,,,,,,,,,,,,,,,,,,,,,
Delaware,1940,Kent,President,9226,8079,,,,,,,,,,,,,,,,,,,,,,,,,,,,,,,,,
Delaware,1940,New Castle,President,52167,41508,,,,,,,,,,,,,,,,,,,,,,,,,,,,,,,,,
Delaware,1940,Sussex,President,13206,11853,,,,,,,,,,,,,,,,,,,,,,,,,,,,,,,,,
Delaware,1944,Kent,President,7900,7069,,,51,,,,,,6,,,,,,,,,,,,,,,,,,,,,,,,
Delaware,1944,New Castle,President,49588,37783,,,180,,,,,,138,,,,,,,,,,,,,,,,,,,,,,,,
Delaware,1944,Sussex,President,10678,11895,,,63,,,,,,10,,,,,,,,,,,,,,,,,,,,,,,,
Delaware,1948,Kent,President,8174,8501,,47,52,,,,,,14,2,,,,,,,,,,,,,,,,,,,,,,,
Delaware,1948,New Castle,President,48117,47451,,950,226,,,,,,232,25,,,,,,,,,,,,,,,,,,,,,,,
Delaware,1948,Sussex,President,11522,13636,,53,65,,,,,,4,2,,,,,,,,,,,,,,,,,,,,,,,
Delaware,1952,Kent,President,9874,10144,,77,8,,,,,,4,1,,,,,,,,,,,,,,,,,,,,,,,
Delaware,1952,New Castle,President,58387,62658,,78,20,,,,,,16,237,,,,,,,,,,,,,,,,,,,,,,,
Delaware,1952,Sussex,President,15054,17257,,,206,,,,,,,4,,,,,,,,,,,,,,,,,,,,,,,
Delaware,1956,Kent,President,9319,10303,,,99,,,,,,,24,,,,,,,,,,,,,,,,,,,,,,,
Delaware,1956,New Castle,President,56405,71133,,,206,,,,,,,69,,,,,,,,,,,,,,,,,,,,,,,
Delaware,1956,Sussex,President,13697,16621,,,95,,,,,,,17,,,,,,,,,,,,,,,,,,,,,,,
Delaware,1960,Kent,President,10754,10697,,,57,,,,,,,26,,,,,,,82,,,,,,,,,,,,,,,,
Delaware,1960,New Castle,President,73364,69284,,,128,,,,,,,46,,,,,,,152,,,,,,,,,,,,,,,,
Delaware,1960,Sussex,President,15472,16392,,,99,,,,,,,10,,,,,,,120,,,,,,,,,,,,,,,,
Delaware,1964,Kent,President,12981,9006,,,52,,,,,,,15,,,,,,,,,,,,,,,,,,,,,,,
Delaware,1964,New Castle,President,91752,54767,,,282,,,,,,,92,,,,,,,,,,,,,,,,,,,,,,,
Delaware,1964,Sussex,President,17971,14305,,,91,,,,,,,6,,,,,,,,,,,,,,,,,,,,,,,
Delaware,1968,Kent,President,9055,11082,,,,,,,,,,,4751,,,,,,,,,,,,,,,,,,,,,,
Delaware,1968,New Castle,President,68468,70014,,,,,,,,,,,17931,,,,,,,,,,,,,,,,,,,,,,
Delaware,1968,Sussex,President,11671,15618,,,,,,,,,,,5777,,,,,,,,,,,,,,,,,,,,,,
Delaware,1972,Kent,President,10463,17712,,,24,,,,,,,,357,,,,,,,,,,,,,,,,,,,,,,
Delaware,1972,New Castle,President,70190,100681,,,179,,,,,,,,1906,,,,,,,,,,,,,,,,,,,,,,
Delaware,1972,Sussex,President,11630,21964,,,35,,,,,,,,375,,,,,,,,,,,,,,,,,,,,,,
Delaware,1976,Kent,President,16523,12604,,,18,,,,,,,,81,,,,,174,12,16,,,,,,,,,,,,,,,
Delaware,1976,New Castle,President,87521,80074,,,66,,,,,,,,442,,,,,2062,68,105,,,,,,,,,,,,,,,
Delaware,1976,Sussex,President,18552,17153,,,19,,,,,,,,122,,,,,201,6,15,,,,,,,,,,,,,,,
Delaware,1980,Kent,President,12884,14882,,,,,,217,,,,,48,,,,,1831,,,,,,,,,,,,,,,,,
Delaware,1980,New Castle,President,76897,76898,,,,,,1511,,,,,293,,,,,12828,,,,,,,,,,,,,,,,,
Delaware,1980,Sussex,President,15973,19472,,,,,,246,,,,,59,,,,,1629,,,,,,,,,,,,,,,,,
Delaware,1984,Kent,President,11789,21531,,,,,,27,,,,,43,,,,7,6,,,,,,,,,,,,,,,,,
Delaware,1984,New Castle,President,76238,102322,,,,,,209,,,,,167,,,,90,51,,,,,,,,,,,,,,,,,
Delaware,1984,Sussex,President,13629,28337,,,,,,32,,,,,59,,,,24,11,,,,,,,,,,,,,,,,,
Delaware,1988,Kent,President,12996,19923,,,,,,149,,,,,,,,,45,,,,,,,,,,,,,,,,,,
Delaware,1988,New Castle,President,79147,92587,,,,,,897,,,,,,,,,372,,,,,,,,,,,,,,,,,,
Delaware,1988,Sussex,President,16504,27129,,,,,,116,,,,,,,,,26,,,,,,,,,,,,,,,,,,
Delaware,1992,Kent,President,15364,15562,,,,,,110,,,,,,,,,110,8916,,,,,,,,,,,,,,,,,
Delaware,1992,New Castle,President,91516,66311,,,,,,736,,,,,,,,,736,37581,,,,,,,,,,,,,,,,,
Delaware,1992,Sussex,President,19174,20440,,,,,,89,,,,,,,,,146,12716,,,,,,,,,,,,,,,,,
Delaware,1996,Kent,President,18327,15932,,,,,,189,4705,36,,,63,,,,,,,,,,,,,,,,,,,,,,
Delaware,1996,New Castle,President,98837,60943,,,,,,1667,17748,183,,,168,,,,,,,,,,,,,,,,,,,,,,
Delaware,1996,Sussex,President,23191,22187,,,,,,196,6266,55,,,117,,,,,,,,,,,,,,,,,,,,,,
Delaware,2000,Kent,President,22790,24081,,,,1082,,92,141,7,,,16,,,,,,,,,,,,,,,,,,,,,,
Delaware,2000,New Castle,President,127539,78587,,,,5767,,590,345,63,,,69,,,,,,,,,,,,,,,,,,,,,,
Delaware,2000,Sussex,President,29739,34620,,,,1458,,92,291,,,,22,,,,,,,,,,,,,,,,,,,,,,
Delaware,2004,Kent,President,23875,31578,,,,30,,74,,11,,,49,,,,,363,,,,,,,,,,,,,,,,,
Delaware,2004,New Castle,President,146179,93079,,,,184,,435,,72,,3,176,,,,,1336,,,,,,,1,,,,,,,,,,
Delaware,2004,Sussex,President,30098,47003,,,,36,,77,,17,,,64,,,,,454,,,,,,,,,,,,,,,,,
Delaware,2008,Kent,President,36392,29827,,,,70,,144,,,,4,107,,,,,381,,,,,,,,,,,,,,,,,
Delaware,2008,New Castle,President,178768,74608,,,,248,,796,,,,48,378,,,,,1571,,,,,,,204,,,,,,,,,,
Delaware,2008,Sussex,President,40299,47939,,,,67,,169,,,,6,141,,,,,449,,,,,,,,,,,,,,,,,
Delaware,2012,Kent,President,35527,32135,,,,333,,677,,,,,,,,,,,,,,,,,6,1,1,,,,,,,,
Delaware,2012,New Castle,President,167082,81230,,,,1198,,2486,,,,,,,,,,,,,,,,,12,4,,,,,,,,,
Delaware,2012,Sussex,President,39975,52119,,,,409,,719,,,,,,,,,,,,,,,,,5,2,,,,,,,,,
Delaware,2016,Kent,President,33351,36991,,,,1042,,109,,,,,,,,,,,,,,,,,341,109,16,,,,2,,1,,
Delaware,2016,New Castle,President,162919,85525,,,,3956,,514,,,,,,,,,,,,,,,,,895,514,47,5,3,3,1,2,,1,1
Delaware,2016,Sussex,President,39333,62611,,,,1105,,83,,,,,,,,,,,,,,,,,187,83,11,2,,,,,,,
Delaware,1940,Kent,US Senate,8695,8412,108,,,,,,,,,,,,,,,,,,,,,,,,,,,,,,,,
Delaware,1940,New Castle,US Senate,47143,43827,1858,,,,,,,,,,,,,,,,,,,,,,,,,,,,,,,,
Delaware,1940,Sussex,US Senate,12456,11560,820,,,,,,,,,,,,,,,,,,,,,,,,,,,,,,,,
Delaware,1942,Kent,US Senate,5328,6785,,,112,,,,,,,,,,,,,,,,,,,,,,,,,,,,,,
Delaware,1942,New Castle,US Senate,25215,30237,,,519,,,,,,,,,,,,,,,,,,,,,,,,,,,,,,
Delaware,1942,Sussex,US Senate,7779,9188,,,145,,,,,,,,,,,,,,,,,,,,,,,,,,,,,,
Delaware,1946,Kent,US Senate,6858,7910,,,,,,,,,,,,,,,,,,,,,,,,,,,,,,,,,
Delaware,1946,New Castle,US Senate,34416,42239,,,,,,,,,,,,,,,,,,,,,,,,,,,,,,,,,
Delaware,1946,Sussex,US Senate,9636,12454,,,,,,,,,,,,,,,,,,,,,,,,,,,,,,,,,
Delaware,1948,Kent,US Senate,8911,8251,,16,54,,,,,,,,,,,,,,,,,,,,,,,,,,,,,,
Delaware,1948,New Castle,US Senate,50575,46882,,636,278,,,,,,80,,,,,,,,,,,,,,,,,,,,,,,,
Delaware,1948,Sussex,US Senate,12402,13113,,29,135,,,,,,,,,,,,,,,,,,,,,,,,,,,,,,
Delaware,1952,Kent,US Senate,10380,9172,,,,,,,,,,,,,,,,,,,,,,,,,,,,,,,,,
Delaware,1952,New Castle,US Senate,64000,54955,,,,,,,,,,,,,,,,,,,,,,,,,,,,,,,,,
Delaware,1952,Sussex,US Senate,18640,13558,,,,,,,,,,,,,,,,,,,,,,,,,,,,,,,,,
Delaware,1954,Kent,US Senate,5909,10956,,,,,,,,,,,,,,,,,,,,,,,,,,,,,,,,,
Delaware,1954,New Castle,US Senate,45715,55386,,,,,,,,,,,,,,,,,,,,,,,,,,,,,,,,,
Delaware,1954,Sussex,US Senate,10765,16169,,,,,,,,,,,,,,,,,,,,,,,,,,,,,,,,,
Delaware,1958,Kent,US Senate,9034,8761,,,,,,,,,,,,,,,,,,,,,,,,,,,,,,,,,
Delaware,1958,New Castle,US Senate,58559,50849,,,,,,,,,,,,,,,,,,,,,,,,,,,,,,,,,
Delaware,1958,Sussex,US Senate,14687,12542,,,,,,,,,,,,,,,,,,,,,,,,,,,,,,,,,
Delaware,1960,Kent,US Senate,9179,12208,,,,,,,,,,,,,,,,,,,,,,,,,,,,,,,,,
Delaware,1960,New Castle,US Senate,74974,66546,,,,,,,,,,,,,,,,,,,,,,,,,,,,,,,,,
Delaware,1960,Sussex,US Senate,14721,17336,,,,,,,,,,,,,,,,,,,,,,,,,,,,,,,,,
Delaware,1964,Kent,US Senate,10140,11647,,,,,,,,,,0,,,,,,,,,,,,,,,,,,,,,,,
Delaware,1964,New Castle,US Senate,71484,74830,,,,,,,,,,71,,,,,,,,,,,,,,,,,,,,,,,
Delaware,1964,Sussex,US Senate,15226,17305,,,,,,,,,,0,,,,,,,,,,,,,,,,,,,,,,,
Delaware,1966,Kent,US Senate,8497,10812,,,,,,,,,,,,,,,,,,,,,,,,,,,,,,,,,
Delaware,1966,New Castle,US Senate,45650,71815,,,,,,,,,,,,,,,,,,,,,,,,,,,,,,,,,
Delaware,1966,Sussex,US Senate,13134,14641,,,,,,,,,,,,,,,,,,,,,,,,,,,,,,,,,
Delaware,1970,Kent,US Senate,9447,10835,,,,,,,,,,,190,,,,,,,,,,,,,,,,,,,,,,
Delaware,1970,New Castle,US Senate,44348,68915,,,,,,,,,,,1166,,,,,,,,,,,,,,,,,,,,,,
Delaware,1970,Sussex,US Senate,10945,15229,,,,,,,,,,,364,,,,,,,,,,,,,,,,,,,,,,
Delaware,1972,Kent,US Senate,14598,13121,,,21,,,,,,,,140,,,,,,,,,,,,,,,,,,,,,,
Delaware,1972,New Castle,US Senate,85017,83273,,,133,,,,,,,,532,,,,,,,,,,,,,,,,,,,,,,
Delaware,1972,Sussex,US Senate,16391,16450,,,21,,,,,,,,131,,,,,,,,,,,,,,,,,,,,,,
Delaware,1976,Kent,US Senate,14359,13481,,,42,,,,,,,,86,,,,,44,,,,,,,,,,,,,,,,,
Delaware,1976,New Castle,US Senate,68610,93267,,,142,,,,,,,,486,,,,,323,,,,,,,,,,,,,,,,,
Delaware,1976,Sussex,US Senate,15086,18754,,,32,,,,,,,,74,,,,,73,,,,,,,,,,,,,,,,,
Delaware,1978,Kent,US Senate,12860,8485,,,,,,,,,,,107,,,,,,,,,,,,,,,,,,,,,,
Delaware,1978,New Castle,US Senate,66256,44834,,,,,,,,,,,1449,,,,,,,,,,,,,,,,,,,,,,
Delaware,1978,Sussex,US Senate,14814,13160,,,,,,,,,,,107,,,,,,,,,,,,,,,,,,,,,,
Delaware,1982,Kent,US Senate,10661,14591,,,,,,61,,,,,94,,,,,,,,,,,,,,,,,,,,,,
Delaware,1982,New Castle,US Senate,60478,71775,,,,,,539,,,,,322,,,,,,,,,,,,,,,,,,,,,,
Delaware,1982,Sussex,US Senate,13274,18991,,,,,,53,,,,,121,,,,,,,,,,,,,,,,,,,,,,
Delaware,1984,Kent,US Senate,13424,18911,,,,,,,,,,,,,,,,,,,,,,,,,,,,,,,,,
Delaware,1984,New Castle,US Senate,65352,107636,,,,,,,,,,,,,,,,,,,,,,,,,,,,,,,,,
Delaware,1984,Sussex,US Senate,19325,21284,,,,,,,,,,,,,,,,,,,,,,,,,,,,,,,,,
Delaware,1988,Kent,US Senate,21808,10810,,,,,,,,,,,,,,,,,,,,,,,,,,,,,,,,,
Delaware,1988,New Castle,US Senate,99798,68408,,,,,,,,,,,,,,,,,,,,,,,,,,,,,,,,,
Delaware,1988,Sussex,US Senate,29509,13160,,,,,,,,,,,,,,,,,,,,,,,,,,,,,,,,,
Delaware,1990,Kent,US Senate,14537,10103,,,,,,453,,,,,,,,,,,,,,,,,,,,,,,,,,,
Delaware,1990,New Castle,US Senate,77105,41149,,,,,,1867,,,,,,,,,,,,,,,,,,,,,,,,,,,
Delaware,1990,Sussex,US Senate,21276,13302,,,,,,360,,,,,,,,,,,,,,,,,,,,,,,,,,,
Delaware,1994,Kent,US Senate,9763,18582,,,,,,431,,,,,,,,,,,,,,,,,,,,,,,,,,,
Delaware,1994,New Castle,US Senate,61266,68059,,,,,,2619,,,,,,,,,,,,,,,,,,,,,,,,,,,
Delaware,1994,Sussex,US Senate,13525,24447,,,,,,337,,,,,,,,,,,,,,,,,,,,,,,,,,,
Delaware,1996,Kent,US Senate,21463,17922,,,,,,395,,,,,,,,243,,,,,,,,,,,,,,,,,,,
Delaware,1996,New Castle,US Senate,114747,64713,,,,,,2465,,,,,,,,1125,,,,,,,,,,,,,,,,,,,
Delaware,1996,Sussex,US Senate,29255,22453,,,,,,480,,,,,,,,330,,,,,,,,,,,,,,,,,,,
Delaware,2000,Kent,US Senate,21998,25387,,,,,,139,,,,,167,,,38,,,,,,,,,,,,,,,,,,,
Delaware,2000,New Castle,US Senate,128491,83554,,,,,,826,,,,,662,,,298,,,,,,,,,,,,,,,,,,,
Delaware,2000,Sussex,US Senate,31077,33950,,,,,,138,,,,,215,,,53,,,,,,,,,,,,,,,,,,,
Delaware,2002,Kent,US Senate,16907,17383,,,,,,99,,,,,,,,27,,159,,,,,,,,,,,,,,,,,
Delaware,2002,New Castle,US Senate,91516,52133,,,,,,711,,,,,,,,265,,622,,,,,,,,,,,,,,,,,
Delaware,2002,Sussex,US Senate,26830,25277,,,,,,112,,,,,,,,58,,215,,,,,,,,,,,,,,,,,
Delaware,2006,Kent,US Senate,23492,13191,,,,,,396,,,,,,,,,,,,,,,,,1348,43,,,,,,,,,
Delaware,2006,New Castle,US Senate,115769,39655,,,,,,1797,,,,,,,,,,,,,,,,,2238,244,,,,,,,,,
Delaware,2006,Sussex,US Senate,31306,16888,,,,,,478,,,,,,,,,,,,,,,,,7541,217,,,,,,,,,
Delaware,2008,Kent,US Senate,37074,27981,,,,,,,,,,,,,,,,,,,,,,,,,,,,,,,,,
Delaware,2008,New Castle,US Senate,177070,69491,,,,,,,,,,,,,,,,,,,,,,,,,,,,,,,,,
Delaware,2008,Sussex,US Senate,43395,43123,,,,,,,,,,,,,,,,,,,,,,,,,,,,,,,,,
Delaware,2010,Kent,US Senate,22315,25059,,,,,,404,,,,,,,,,,1662,,,,,,,17,4,,,,,,,,,
Delaware,2010,New Castle,US Senate,123678,57649,,,,,,1257,,,,,,,,,,4459,,,,,,,8,6,,,,,,,,,
Delaware,2010,Sussex,US Senate,28019,40345,,,,,,440,,,,,,,,,,2080,,,,,,,,,,,,,,,,,
Delaware,2012,Kent,US Senate,40750,22561,,,,457,,,,,,,,,,,,2522,,,,,,,,,,,,,,,,,
Delaware,2012,New Castle,US Senate,177244,56666,,,,2051,,,,,,,,,,,,6874,,,,,,,1,,,,,,,,,,
Delaware,2012,Sussex,US Senate,47421,36473,,,,683,,,,,,,,,,,,5904,,,,,,,,,,,,,,,,,
Delaware,2014,Kent,US Senate,19218,19527,,,,681,,,,,,,,,,,,,,,,,,,,,,,,,,,,,
Delaware,2014,New Castle,US Senate,84985,45229,,,,2948,,,,,,,,,,,,,,,,,,,,,,,,,,,,,
Delaware,2014,Sussex,US Senate,26452,34067,,,,931,,,,,,,,,,,,,,,,,,,,,,,,,,,,,
Delaware,2018,Kent,US Senate,31282,27210,,,,588,,670,,,,,,,,,,,,,,,,,,2,1,,,,,,,,
Delaware,2018,New Castle,US Senate,145428,59526,,,,1864,,2494,,,,,,,,,,,,,,,,,7,2,2,,,,,,,,
Delaware,2018,Sussex,US Senate,40675,50391,,,,718,,746,,,,,,,,,,,,,,,,,,,,,,,,,,,
Delaware,1798,Kent,Governor,,,,,,,,,,,,,,,,,,,,,,742,882,0,,,,,,,,,,,
Delaware,1798,New Castle,Governor,,,,,,,,,,,,,,,,,,,,,,479,497,0,,,,,,,,,,,
Delaware,1798,Sussex,Governor,,,,,,,,,,,,,,,,,,,,,,847,1111,185,,,,,,,,,,,
Delaware,1801,Kent,Governor,,,,,,,,,,,,,,,,,,,,,,1020,1080,,,,,,,,,,,,
Delaware,1801,New Castle,Governor,,,,,,,,,,,,,,,,,,,,,,1465,682,,,,,,,,,,,,
Delaware,1801,Sussex,Governor,,,,,,,,,,,,,,,,,,,,,,990,1695,,,,,,,,,,,,
Delaware,1804,Kent,Governor,,,,,,,,,,,,,,,,,,0,,,,1035,1362,,,,,,,,,,,,
Delaware,1804,New Castle,Governor,,,,,,,,,,,,,,,,,,2,,,,1974,902,,,,,,,,,,,,
Delaware,1804,Sussex,Governor,,,,,,,,,,,,,,,,,,0,,,,1041,2127,,,,,,,,,,,,
Delaware,1807,Kent,Governor,,,,,,,,,,,,,,,,,,0,,,,952,1088,,,,,,,,,,,,
Delaware,1807,New Castle,Governor,,,,,,,,,,,,,,,,,,1,,,,1249,580,,,,,,,,,,,,
Delaware,1807,Sussex,Governor,,,,,,,,,,,,,,,,,,0,,,,861,1641,,,,,,,,,,,,
Delaware,1810,Kent,Governor,,,,,,,,,,,,,,,,,,,,,,1049,1221,,,,,,,,,,,,
Delaware,1810,New Castle,Governor,,,,,,,,,,,,,,,,,,,,,,1584,730,,,,,,,,,,,,
Delaware,1810,Sussex,Governor,,,,,,,,,,,,,,,,,,,,,,1031,1645,,,,,,,,,,,,
Delaware,1813,Kent,Governor,,,,,,,,,,,,,,,,,,,,,,742,1407,,,,,,,,,,,,
Delaware,1813,New Castle,Governor,,,,,,,,,,,,,,,,,,,,,,2033,1128,,1,1,1,,,,,,,,
Delaware,1813,Sussex,Governor,,,,,,,,,,,,,,,,,,,,,,993,2108,,,,,,,,,,,,
Delaware,1816,Kent,Governor,,,,,,,,,,,,,,,,,,,,,,802,1219,,,,,,,,,,,,
Delaware,1816,New Castle,Governor,,,,,,,,,,,,,,,,,,,,,,1706,1090,,,,,,,,,,,,
Delaware,1816,Sussex,Governor,,,,,,,,,,,,,,,,,,,,,,1009,1699,,,,,,,,,,,,
Delaware,1819,Kent,Governor,,,,,,,,,,,,,,,,,,,,,,811,1160,,,,,,,,,,,,
Delaware,1819,New Castle,Governor,,,,,,,,,,,,,,,,,,,,,,1444,894,,,,,,,,,,,,
Delaware,1819,Sussex,Governor,,,,,,,,,,,,,,,,,,,,,,930,1769,,,,,,,,,,,,
Delaware,1822,Kent,Governor,,,,,,,,,,,,,,,,,,,,,,1130,1013,,,,,,,,,,,,
Delaware,1822,New Castle,Governor,,,,,,,,,,,,,,,,,,,,,,1498,925,,,,,,,,,,,,
Delaware,1822,Sussex,Governor,,,,,,,,,,,,,,,,,,,,,,1156,1824,,,,,,,,,,,,
Delaware,1940,Kent,Governor,8196,8865,175,,,,,,,,,,,,,,,,,,,,,,,,,,,,,,,,
Delaware,1940,New Castle,Governor,41178,49469,2056,,,,,,,,,,,,,,,,,,,,,,,,,,,,,,,,
Delaware,1940,Sussex,Governor,11863,12295,727,,,,,,,,,,,,,,,,,,,,,,,,,,,,,,,,
Delaware,1944,Kent,Governor,7574,7657,,,47,,,,,,,,,,,,,,,,,,,,,,,,,,,,,,
Delaware,1944,New Castle,Governor,43798,43889,,,246,,,,,,,,,,,,,,,,,,,,,,,,,,,,,,
Delaware,1944,Sussex,Governor,10784,12283,,,77,,,,,,,,,,,,,,,,,,,,,,,,,,,,,,
Delaware,1948,Kent,Governor,8632,8535,,,,,,,,,,,,,,,,,,,,,,,,,,,,,,,,,
Delaware,1948,New Castle,Governor,53427,44295,,,,,,,,,,,,,,,,,,,,,,,,,,,,,,,,,
Delaware,1948,Sussex,Governor,13280,12166,,,,,,,,,,,,,,,,,,,,,,,,,,,,,,,,,
Delaware,1952,Kent,Governor,9853,9797,,,,,,,,,,,,,,,,,,,,,,,,,,,,,,,,,
Delaware,1952,New Castle,Governor,55985,62769,,,,,,,,,,,,,,,,,,,,,,,,,,,,,,,,,
Delaware,1952,Sussex,Governor,15934,16411,,,,,,,,,,,,,,,,,,,,,,,,,,,,,,,,,
Delaware,1956,Kent,Governor,9911,9614,,,,,,,,,,,,,,,,,,,,,,,,,,,,,,,,,
Delaware,1956,New Castle,Governor,60213,67189,,,,,,,,,,,,,,,,,,,,,,,,,,,,,,,,,
Delaware,1956,Sussex,Governor,14923,15162,,,,,,,,,,,,,,,,,,,,,,,,,,,,,,,,,
Delaware,1960,Kent,Governor,11108,10192,,,,,,,,,,,,,,,,,,,,,,,,,,,,,,,,,
Delaware,1960,New Castle,Governor,72598,68921,,,,,,,,,,,,,,,,,,,,,,,,,,,,,,,,,
Delaware,1960,Sussex,Governor,17086,14930,,,,,,,,,,,,,,,,,,,,,,,,,,,,,,,,,
Delaware,1964,Kent,Governor,11035,10790,,,,,,,,,,,,,,,,,,,,,,,,,,,,,,,,,
Delaware,1964,New Castle,Governor,74824,71207,,,,,,,,,,,,,,,,,,,,,,,,,,,,,,,,,
Delaware,1964,Sussex,Governor,16938,15377,,,,,,,,,,,,,,,,,,,,,,,,,,,,,,,,,
Delaware,1968,Kent,Governor,13471,10348,,,,,,,,,,,,,,,,,,,,,,,,,,,,,,,,,
Delaware,1968,New Castle,Governor,74323,77209,,,,,,,,,,,,,,,,,,,,,,,,,,,,,,,,,
Delaware,1968,Sussex,Governor,14566,16917,,,,,,,,,,,,,,,,,,,,,,,,,,,,,,,,,
Delaware,1972,Kent,Governor,17331,10254,,,37,,,,,,,,263,,,,,,,,,,,,,,,,,,,,,,
Delaware,1972,New Castle,Governor,81043,85560,,,305,,,,,,,,951,,,,,,,,,,,,,,,,,,,,,,
Delaware,1972,Sussex,Governor,18900,13769,,,55,,,,,,,,254,,,,,,,,,,,,,,,,,,,,,,
Delaware,1976,Kent,Governor,16540,11849,,,36,,,,,,,,377,,,,,,,,,,,,,,,,,,,,,,
Delaware,1976,New Castle,Governor,64756,100032,,,229,,,,,,,,733,,,,,,,,,,,,,,,,,,,,,,
Delaware,1976,Sussex,Governor,16184,18650,,,32,,,,,,,,145,,,,,,,,,,,,,,,,,,,,,,
Delaware,1980,Kent,Governor,8666,19895,,,,,,177,,,,,,,,,,,,,,,,,,,,,,,,,,,
Delaware,1980,New Castle,Governor,43821,115150,,,,,,1498,,,,,,,,,,,,,,,,,,,,,,,,,,,
Delaware,1980,Sussex,Governor,11730,23959,,,,,,140,,,,,,,,,,,,,,,,,,,,,,,,,,,
Delaware,1984,Kent,Governor,14234,17894,,,,,,,,,,,,,,,,,,,,,,,,,,,,,,,,,
Delaware,1984,New Castle,Governor,77866,93393,,,,,,,,,,,,,,,,,,,,,,,,,,,,,,,,,
Delaware,1984,Sussex,Governor,16215,23963,,,,,,,,,,,,,,,,,,,,,,,,,,,,,,,,,
Delaware,1988,Kent,Governor,9874,22563,,,,,,,,,,,,,,,,,,,,,,,,,,,,,,,,,
Delaware,1988,New Castle,Governor,49630,115866,,,,,,,,,,,,,,,,,,,,,,,,,,,,,,,,,
Delaware,1988,Sussex,Governor,10732,31304,,,,,,,,,,,,,,,,,,,,,,,,,,,,,,,,,
Delaware,1992,Kent,Governor,24734,13406,,,,,,412,,,,,,,602,,,,,,,,,,,,,,,,,,,,
Delaware,1992,New Castle,Governor,124601,58609,,,,,,2369,,,,,,,2661,,,,,,,,,,,,,,,,,,,,
Delaware,1992,Sussex,Governor,30030,18710,,,,,,384,,,,,,,516,,,,,,,,,,,,,,,,,,,,
Delaware,1996,Kent,Governor,24946,14503,,,,,,,,,,,,,,,,,,,,,,,,,,,,,,,,,
Delaware,1996,New Castle,Governor,129512,50081,,,,,,,,,,,,,,,,,,,,,,,,,,,,,,,,,
Delaware,1996,Sussex,Governor,33842,18070,,,,,,,,,,,,,,,,,,,,,,,,,,,,,,,,,
Delaware,2000,Kent,Governor,27164,20073,,,,,356,,,,,,,,,,,,,,,,,,,,,,,,,,,,
Delaware,2000,New Castle,Governor,127112,81311,,,,,2462,,,,,,,,,,,,,,,,,,,,,,,,,,,,
Delaware,2000,Sussex,Governor,37419,27219,,,,,453,,,,,,,,,,,,,,,,,,,,,,,,,,,,
Delaware,2004,Kent,Governor,22324,28562,,,,,4006,,,,,,,,,,,,,,,,,,,,,,,,,,,,
Delaware,2004,New Castle,Governor,128953,99479,,,,,4942,,,,,,,,,,,,,,,,,,,,,,,,,,,,
Delaware,2004,Sussex,Governor,34271,38967,,,,,3255,,,,,,,,,,,,,,,,,,,,,,,,,,,,
Delaware,2008,Kent,Governor,41076,23646,,,,,,,,,,,,218,,,,,,,,,,,,,,,,,,,,,
Delaware,2008,New Castle,Governor,180240,62432,,,,,,,,,,,,1212,,,,,,,,,,,,,,,,,,,,,
Delaware,2008,Sussex,Governor,45545,40584,,,,,,,,,,,,251,,,,,,,,,,,,,,,,,,,,,
Delaware,2012,Kent,Governor,40696,23846,,,,781,844,,,,,,,,,,,,,,,,,,,3,,,,,,,,,
Delaware,2012,New Castle,Governor,183858,53510,,,,2642,2129,,,,,,,,,,,,,,,,,,,,,,,,,,,,
Delaware,2012,Sussex,Governor,51439,36437,,,,1152,695,,,,,,,,,,,,,,,,,,,1,,,,,,,,,
Delaware,2016,Kent,Governor,35955,34777,,,,835,,805,,,,,,,,,,,,,,,,,,6,,,,,,,,,
Delaware,2016,New Castle,Governor,165973,77839,,,,3884,,2978,,,,,,,,,,,,,,,,,,17,,,,,,,,,
Delaware,2016,Sussex,Governor,46476,54236,,,,1232,,794,,,,,,,,,,,,,,,,,,5,,,,,,,,,
Delaware,1940,Kent,Lieutenant Governor,8445,8690,64,,,,,,,,,,,,,,,,,,,,,,,,,,,,,,,,
Delaware,1940,New Castle,Lieutenant Governor,45276,44693,1722,,,,,,,,,,,,,,,,,,,,,,,,,,,,,,,,
Delaware,1940,Sussex,Lieutenant Governor,12228,12044,566,,,,,,,,,,,,,,,,,,,,,,,,,,,,,,,,
Delaware,1940,Kent,Treasurer,8830,8262,98,,,,,,,,,,,,,,,,,,,,,,,,,,,,,,,,
Delaware,1940,New Castle,Treasurer,46279,44648,1565,,,,,,,,,,,,,,,,,,,,,,,,,,,,,,,,
Delaware,1940,Sussex,Treasurer,12488,11841,571,,,,,,,,,,,,,,,,,,,,,,,,,,,,,,,,
Delaware,1940,Kent,Auditor,8491,8622,69,,,,,,,,,,,,,,,,,,,,,,,,,,,,,,,,
Delaware,1940,New Castle,Auditor,46258,44687,1553,,,,,,,,,,,,,,,,,,,,,,,,,,,,,,,,
Delaware,1940,Sussex,Auditor,12699,11572,519,,,,,,,,,,,,,,,,,,,,,,,,,,,,,,,,
Delaware,1942,Kent,Attorney General,5687,6414,,,,,,,,,,,,,,,,,,,,,,,,,,,,,,,,,
Delaware,1942,New Castle,Attorney General,24611,30577,,,,,,,,,,,,,,,,,,,,,,,,,,,,,,,,,
Delaware,1942,Sussex,Attorney General,8169,8731,,,,,,,,,,,,,,,,,,,,,,,,,,,,,,,,,
Delaware,1942,Kent,Treasurer,5906,6198,,,,,,,,,,,,,,,,,,,,,,,,,,,,,,,,,
Delaware,1942,New Castle,Treasurer,24991,30156,,,,,,,,,,,,,,,,,,,,,,,,,,,,,,,,,
Delaware,1942,Sussex,Treasurer,8176,8664,,,,,,,,,,,,,,,,,,,,,,,,,,,,,,,,,
Delaware,1942,Kent,Auditor,5663,6427,,,,,,,,,,,,,,,,,,,,,,,,,,,,,,,,,
Delaware,1942,New Castle,Auditor,24912,30170,,,,,,,,,,,,,,,,,,,,,,,,,,,,,,,,,
Delaware,1942,Sussex,Auditor,7880,8980,,,,,,,,,,,,,,,,,,,,,,,,,,,,,,,,,
Delaware,1942,Kent,Insurance Commissioner,5653,6374,,,90,,,,,,,,,,,,,,,,,,,,,,,,,,,,,,
Delaware,1942,New Castle,Insurance Commissioner,24737,30056,,,464,,,,,,,,,,,,,,,,,,,,,,,,,,,,,,
Delaware,1942,Sussex,Insurance Commissioner,8138,8627,,,142,,,,,,,,,,,,,,,,,,,,,,,,,,,,,,
Delaware,1944,Kent,Lieutenant Governor,7596,7499,,,41,,,,,,,,,,,,,,,,,,,,,,,,,,,,,,
Delaware,1944,New Castle,Lieutenant Governor,44524,42595,,,229,,,,,,,,,,,,,,,,,,,,,,,,,,,,,,
Delaware,1944,Sussex,Lieutenant Governor,10677,12250,,,69,,,,,,,,,,,,,,,,,,,,,,,,,,,,,,
Delaware,1944,Kent,Treasurer,7697,7377,,,37,,,,,,,,,,,,,,,,,,,,,,,,,,,,,,
Delaware,1944,New Castle,Treasurer,44760,42341,,,267,,,,,,,,,,,,,,,,,,,,,,,,,,,,,,
Delaware,1944,Sussex,Treasurer,10930,11980,,,60,,,,,,,,,,,,,,,,,,,,,,,,,,,,,,
Delaware,1944,Kent,Auditor,7575,7503,,,,,,,,,,,,,,,,,,,,,,,,,,,,,,,,,
Delaware,1944,New Castle,Auditor,44470,42617,,,,,,,,,,,,,,,,,,,,,,,,,,,,,,,,,
Delaware,1944,Sussex,Auditor,10719,12180,,,,,,,,,,,,,,,,,,,,,,,,,,,,,,,,,
Delaware,1946,Kent,Attorney General,7019,7689,,,,,,,,,,,,,,,,,,,,,,,,,,,,,,,,,
Delaware,1946,New Castle,Attorney General,33179,42618,,,,,,,,,,,,,,,,,,,,,,,,,,,,,,,,,
Delaware,1946,Sussex,Attorney General,9700,12179,,,,,,,,,,,,,,,,,,,,,,,,,,,,,,,,,
Delaware,1946,Kent,Treasurer,7140,7561,,,,,,,,,,,,,,,,,,,,,,,,,,,,,,,,,
Delaware,1946,New Castle,Treasurer,33437,42278,,,,,,,,,,,,,,,,,,,,,,,,,,,,,,,,,
Delaware,1946,Sussex,Treasurer,9670,12199,,,,,,,,,,,,,,,,,,,,,,,,,,,,,,,,,
Delaware,1946,Kent,Auditor,6843,7822,,,,,,,,,,,,,,,,,,,,,,,,,,,,,,,,,
Delaware,1946,New Castle,Auditor,32643,42929,,,,,,,,,,,,,,,,,,,,,,,,,,,,,,,,,
Delaware,1946,Sussex,Auditor,9577,12268,,,,,,,,,,,,,,,,,,,,,,,,,,,,,,,,,
Delaware,1946,Kent,Insurance Commissioner,6899,7715,,,,,,,,,,,,,,,,,,,,,,,,,,,,,,,,,
Delaware,1946,New Castle,Insurance Commissioner,32831,42671,,,,,,,,,,,,,,,,,,,,,,,,,,,,,,,,,
Delaware,1946,Sussex,Insurance Commissioner,10230,11636,,,,,,,,,,,,,,,,,,,,,,,,,,,,,,,,,
Delaware,1948,Kent,Lieutenant Governor,8747,8391,,,,,,,,,,,,,,,,,,,,,,,,,,,,,,,,,
Delaware,1948,New Castle,Lieutenant Governor,52642,44783,,,,,,,,,,,,,,,,,,,,,,,,,,,,,,,,,
Delaware,1948,Sussex,Lieutenant Governor,13216,12371,,,,,,,,,,,,,,,,,,,,,,,,,,,,,,,,,
Delaware,1948,Kent,Treasurer,8155,8901,,,,,,,,,0,,,,,,,,,,,,,,,,,,,,,,,,
Delaware,1948,New Castle,Treasurer,50521,46686,,,,,,,,,98,,,,,,,,,,,,,,,,,,,,,,,,
Delaware,1948,Sussex,Treasurer,12413,13087,,,,,,,,,0,,,,,,,,,,,,,,,,,,,,,,,,
Delaware,1948,Kent,Auditor,8622,8401,,,,,,,,,,,,,,,,,,,,,,,,,,,,,,,,,
Delaware,1948,New Castle,Auditor,50494,46705,,,,,,,,,,,,,,,,,,,,,,,,,,,,,,,,,
Delaware,1948,Sussex,Auditor,12256,13270,,,,,,,,,,,,,,,,,,,,,,,,,,,,,,,,,
Delaware,1950,Kent,Attorney General,8696,8219,,,,,,,,,,,,,,,,,,,,,,,,,,,,,,,,,
Delaware,1950,New Castle,Attorney General,40039,45946,,,,,,,,,,,,,,,,,,,,,,,,,,,,,,,,,
Delaware,1950,Sussex,Attorney General,12858,12763,,,,,,,,,,,,,,,,,,,,,,,,,,,,,,,,,
Delaware,1950,Kent,Treasurer,8172,8736,,,,,,,,,,,,,,,,,,,,,,,,,,,,,,,,,
Delaware,1950,New Castle,Treasurer,38028,47754,,,,,,,,,,,,,,,,,,,,,,,,,,,,,,,,,
Delaware,1950,Sussex,Treasurer,12871,12793,,,,,,,,,,,,,,,,,,,,,,,,,,,,,,,,,
Delaware,1950,Kent,Auditor,8620,8264,,,,,,,,,,,,,,,,,,,,,,,,,,,,,,,,,
Delaware,1950,New Castle,Auditor,38003,47890,,,,,,,,,,,,,,,,,,,,,,,,,,,,,,,,,
Delaware,1950,Sussex,Auditor,13031,12702,,,,,,,,,,,,,,,,,,,,,,,,,,,,,,,,,
Delaware,1950,Kent,Insurance Commissioner,8683,8198,,,,,,,,,,,,,,,,,,,,,,,,,,,,,,,,,
Delaware,1950,New Castle,Insurance Commissioner,37927,48012,,,,,,,,,,,,,,,,,,,,,,,,,,,,,,,,,
Delaware,1950,Sussex,Insurance Commissioner,12938,12706,,,,,,,,,,,,,,,,,,,,,,,,,,,,,,,,,
Delaware,1952,Kent,Lieutenant Governor,10197,9351,,,,,,,,,,,,,,,,,,,,,,,,,,,,,,,,,
Delaware,1952,New Castle,Lieutenant Governor,57105,61168,,,,,,,,,,,,,,,,,,,,,,,,,,,,,,,,,
Delaware,1952,Sussex,Lieutenant Governor,15998,16103,,,,,,,,,,,,,,,,,,,,,,,,,,,,,,,,,
Delaware,1952,Kent,Treasurer,10450,9129,,,,,,,,,,,,,,,,,,,,,,,,,,,,,,,,,
Delaware,1952,New Castle,Treasurer,56951,61104,,,,,,,,,,,,,,,,,,,,,,,,,,,,,,,,,
Delaware,1952,Sussex,Treasurer,15537,16540,,,,,,,,,,,,,,,,,,,,,,,,,,,,,,,,,
Delaware,1952,Kent,Auditor,9857,9654,,,,,,,,,,,,,,,,,,,,,,,,,,,,,,,,,
Delaware,1952,New Castle,Auditor,57032,60998,,,,,,,,,,,,,,,,,,,,,,,,,,,,,,,,,
Delaware,1952,Sussex,Auditor,15510,16556,,,,,,,,,,,,,,,,,,,,,,,,,,,,,,,,,
Delaware,1954,Kent,Attorney General,10259,6507,,,,,,,,,,,,,,,,,,,,,,,,,,,,,,,,,
Delaware,1954,New Castle,Attorney General,54472,46403,,,,,,,,,,,,,,,,,,,,,,,,,,,,,,,,,
Delaware,1954,Sussex,Attorney General,15218,11523,,,,,,,,,,,,,,,,,,,,,,,,,,,,,,,,,
Delaware,1954,Kent,Treasurer,10573,6155,,,,,,,,,,,,,,,,,,,,,,,,,,,,,,,,,
Delaware,1954,New Castle,Treasurer,54209,46485,,,,,,,,,,,,,,,,,,,,,,,,,,,,,,,,,
Delaware,1954,Sussex,Treasurer,15340,11413,,,,,,,,,,,,,,,,,,,,,,,,,,,,,,,,,
Delaware,1954,Kent,Auditor,9939,6821,,,,,,,,,,,,,,,,,,,,,,,,,,,,,,,,,
Delaware,1954,New Castle,Auditor,54233,46542,,,,,,,,,,,,,,,,,,,,,,,,,,,,,,,,,
Delaware,1954,Sussex,Auditor,14974,11795,,,,,,,,,,,,,,,,,,,,,,,,,,,,,,,,,
Delaware,1954,Kent,Insurance Commissioner,10334,6407,,,,,,,,,,,,,,,,,,,,,,,,,,,,,,,,,
Delaware,1954,New Castle,Insurance Commissioner,54343,46400,,,,,,,,,,,,,,,,,,,,,,,,,,,,,,,,,
Delaware,1954,Sussex,Insurance Commissioner,15160,11608,,,,,,,,,,,,,,,,,,,,,,,,,,,,,,,,,
Delaware,1956,Kent,Lieutenant Governor,9802,9638,,,,,,,,,,,,,,,,,,,,,,,,,,,,,,,,,
Delaware,1956,New Castle,Lieutenant Governor,59554,67328,,,,,,,,,,,,,,,,,,,,,,,,,,,,,,,,,
Delaware,1956,Sussex,Lieutenant Governor,14765,15288,,,,,,,,,,,,,,,,,,,,,,,,,,,,,,,,,
Delaware,1956,Kent,Treasurer,9800,9638,,,,,,,,,,,,,,,,,,,,,,,,,,,,,,,,,
Delaware,1956,New Castle,Treasurer,58837,67665,,,,,,,,,,,,,,,,,,,,,,,,,,,,,,,,,
Delaware,1956,Sussex,Treasurer,14685,15318,,,,,,,,,,,,,,,,,,,,,,,,,,,,,,,,,
Delaware,1956,Kent,Auditor,10043,9375,,,,,,,,,,,,,,,,,,,,,,,,,,,,,,,,,
Delaware,1956,New Castle,Auditor,59570,66904,,,,,,,,,,,,,,,,,,,,,,,,,,,,,,,,,
Delaware,1956,Sussex,Auditor,14725,15325,,,,,,,,,,,,,,,,,,,,,,,,,,,,,,,,,
Delaware,1958,Kent,Attorney General,9157,8307,,,,,,,,,,,,,,,,,,,,,,,,,,,,,,,,,
Delaware,1958,New Castle,Attorney General,52054,56462,,,,,,,,,,,,,,,,,,,,,,,,,,,,,,,,,
Delaware,1958,Sussex,Attorney General,13446,13302,,,,,,,,,,,,,,,,,,,,,,,,,,,,,,,,,
Delaware,1958,Kent,Treasurer,9109,8440,,,,,,,,,,,,,,,,,,,,,,,,,,,,,,,,,
Delaware,1958,New Castle,Treasurer,53691,54536,,,,,,,,,,,,,,,,,,,,,,,,,,,,,,,,,
Delaware,1958,Sussex,Treasurer,13814,13068,,,,,,,,,,,,,,,,,,,,,,,,,,,,,,,,,
Delaware,1958,Kent,Auditor,9445,7972,,,,,,,,,,,,,,,,,,,,,,,,,,,,,,,,,
Delaware,1958,New Castle,Auditor,54286,53664,,,,,,,,,,,,,,,,,,,,,,,,,,,,,,,,,
Delaware,1958,Sussex,Auditor,13819,12937,,,,,,,,,,,,,,,,,,,,,,,,,,,,,,,,,
Delaware,1958,Kent,Insurance Commissioner,9694,7740,,,,,,,,,,,,,,,,,,,,,,,,,,,,,,,,,
Delaware,1958,New Castle,Insurance Commissioner,55825,52248,,,,,,,,,,,,,,,,,,,,,,,,,,,,,,,,,
Delaware,1958,Sussex,Insurance Commissioner,15019,11937,,,,,,,,,,,,,,,,,,,,,,,,,,,,,,,,,
Delaware,1960,Kent,Lieutenant Governor,10941,10136,,,,,,,,,,,,,,,,,,,,,,,,,,,,,,,,,
Delaware,1960,New Castle,Lieutenant Governor,70529,70994,,,,,,,,,,,,,,,,,,,,,,,,,,,,,,,,,
Delaware,1960,Sussex,Lieutenant Governor,16356,15541,,,,,,,,,,,,,,,,,,,,,,,,,,,,,,,,,
Delaware,1960,Kent,Treasurer,11122,10091,,,,,,,,,,,,,,,,,,,,,,,,,,,,,,,,,
Delaware,1960,New Castle,Treasurer,71482,69644,,,,,,,,,,,,,,,,,,,,,,,,,,,,,,,,,
Delaware,1960,Sussex,Treasurer,16376,15546,,,,,,,,,,,,,,,,,,,,,,,,,,,,,,,,,
Delaware,1960,Kent,Auditor,10894,10263,,,,,,,,,,,,,,,,,,,,,,,,,,,,,,,,,
Delaware,1960,New Castle,Auditor,71362,69663,,,,,,,,,,,,,,,,,,,,,,,,,,,,,,,,,
Delaware,1960,Sussex,Auditor,16339,15573,,,,,,,,,,,,,,,,,,,,,,,,,,,,,,,,,
Delaware,1962,Kent,Attorney General,9106,8915,,,,,,,,,,,,,,,,,,,,,,,,,,,,,,,,,
Delaware,1962,New Castle,Attorney General,51804,55776,,,,,,,,,,,,,,,,,,,,,,,,,,,,,,,,,
Delaware,1962,Sussex,Attorney General,14154,12975,,,,,,,,,,,,,,,,,,,,,,,,,,,,,,,,,
Delaware,1962,Kent,Treasurer,7682,10242,,,,,,,,,,,,,,,,,,,,,,,,,,,,,,,,,
Delaware,1962,New Castle,Treasurer,54530,52808,,,,,,,,,,,,,,,,,,,,,,,,,,,,,,,,,
Delaware,1962,Sussex,Treasurer,12438,14581,,,,,,,,,,,,,,,,,,,,,,,,,,,,,,,,,
Delaware,1962,Kent,Auditor,10247,7633,,,,,,,,,,,,,,,,,,,,,,,,,,,,,,,,,
Delaware,1962,New Castle,Auditor,54010,53085,,,,,,,,,,,,,,,,,,,,,,,,,,,,,,,,,
Delaware,1962,Sussex,Auditor,14711,12262,,,,,,,,,,,,,,,,,,,,,,,,,,,,,,,,,
Delaware,1962,Kent,Insurance Commissioner,9870,8032,,,,,,,,,,,,,,,,,,,,,,,,,,,,,,,,,
Delaware,1962,New Castle,Insurance Commissioner,51665,55674,,,,,,,,,,,,,,,,,,,,,,,,,,,,,,,,,
Delaware,1962,Sussex,Insurance Commissioner,14508,12512,,,,,,,,,,,,,,,,,,,,,,,,,,,,,,,,,
Delaware,1964,Kent,Lieutenant Governor,11861,9532,,,,,,,,,,,,,,,,,,,,,,,,,,,,,,,,,
Delaware,1964,New Castle,Lieutenant Governor,79565,65369,,,,,,,,,,,,,,,,,,,,,,,,,,,,,,,,,
Delaware,1964,Sussex,Lieutenant Governor,17316,14774,,,,,,,,,,,,,,,,,,,,,,,,,,,,,,,,,
Delaware,1964,Kent,Treasurer,12219,9357,,,,,,,,,,,,,,,,,,,,,,,,,,,,,,,,,
Delaware,1964,New Castle,Treasurer,81119,63397,,,,,,,,,,,,,,,,,,,,,,,,,,,,,,,,,
Delaware,1964,Sussex,Treasurer,17770,14361,,,,,,,,,,,,,,,,,,,,,,,,,,,,,,,,,
Delaware,1964,Kent,Auditor,12441,8946,,,,,,,,,,,,,,,,,,,,,,,,,,,,,,,,,
Delaware,1964,New Castle,Auditor,81069,63087,,,,,,,,,,,,,,,,,,,,,,,,,,,,,,,,,
Delaware,1964,Sussex,Auditor,17754,14367,,,,,,,,,,,,,,,,,,,,,,,,,,,,,,,,,
Delaware,1966,Kent,Attorney General,7960,11257,,,,,,,,,,,,,,,,,,,,,,,,,,,,,,,,,
Delaware,1966,New Castle,Attorney General,46642,70115,,,,,,,,,,,,,,,,,,,,,,,,,,,,,,,,,
Delaware,1966,Sussex,Attorney General,12246,15223,,,,,,,,,,,,,,,,,,,,,,,,,,,,,,,,,
Delaware,1966,Kent,Treasurer,9380,9518,,,,,,,,,,,,,,,,,,,,,,,,,,,,,,,,,
Delaware,1966,New Castle,Treasurer,46312,69000,,,,,,,,,,,,,,,,,,,,,,,,,,,,,,,,,
Delaware,1966,Sussex,Treasurer,13138,14088,,,,,,,,,,,,,,,,,,,,,,,,,,,,,,,,,
Delaware,1966,Kent,Auditor,8984,10034,,,,,,,,,,,,,,,,,,,,,,,,,,,,,,,,,
Delaware,1966,New Castle,Auditor,48640,66590,,,,,,,,,,,,,,,,,,,,,,,,,,,,,,,,,
Delaware,1966,Sussex,Auditor,13280,14052,,,,,,,,,,,,,,,,,,,,,,,,,,,,,,,,,
Delaware,1966,Kent,Insurance Commissioner,8504,10491,,,,,,,,,,,,,,,,,,,,,,,,,,,,,,,,,
Delaware,1966,New Castle,Insurance Commissioner,43210,72647,,,,,,,,,,,,,,,,,,,,,,,,,,,,,,,,,
Delaware,1966,Sussex,Insurance Commissioner,12383,15052,,,,,,,,,,,,,,,,,,,,,,,,,,,,,,,,,
Delaware,1968,Kent,Lieutenant Governor,12573,10647,,,,,,,,,,,,,,,,,,,,,,,,,,,,,,,,,
Delaware,1968,New Castle,Lieutenant Governor,73228,73720,,,,,,,,,,,,,,,,,,,,,,,,,,,,,,,,,
Delaware,1968,Sussex,Lieutenant Governor,13620,17472,,,,,,,,,,,,,,,,,,,,,,,,,,,,,,,,,
Delaware,1968,Kent,Treasurer,10621,12302,,,,,,,,,,,,,,,,,,,,,,,,,,,,,,,,,
Delaware,1968,New Castle,Treasurer,66360,79065,,,,,,,,,,,,,,,,,,,,,,,,,,,,,,,,,
Delaware,1968,Sussex,Treasurer,13682,17083,,,,,,,,,,,,,,,,,,,,,,,,,,,,,,,,,
Delaware,1968,Kent,Auditor,10188,12950,,,,,,,,,,,,,,,,,,,,,,,,,,,,,,,,,
Delaware,1968,New Castle,Auditor,63822,80757,,,,,,,,,,,,,,,,,,,,,,,,,,,,,,,,,
Delaware,1968,Sussex,Auditor,13919,16840,,,,,,,,,,,,,,,,,,,,,,,,,,,,,,,,,
Delaware,1970,Kent,Attorney General,10321,9443,,,,,,,,,,,,,,,,,,,,,,,,,,,,,,,,,
Delaware,1970,New Castle,Attorney General,48152,63517,,,,,,,,,,,,,,,,,,,,,,,,,,,,,,,,,
Delaware,1970,Sussex,Attorney General,12757,12982,,,,,,,,,,,,,,,,,,,,,,,,,,,,,,,,,
Delaware,1970,Kent,Treasurer,11562,8101,,,,,,,,,,,248,,,,,,,,,,,,,,,,,,,,,,
Delaware,1970,New Castle,Treasurer,52838,56953,,,,,,,,,,,1583,,,,,,,,,,,,,,,,,,,,,,
Delaware,1970,Sussex,Treasurer,14754,11006,,,,,,,,,,,317,,,,,,,,,,,,,,,,,,,,,,
Delaware,1970,Kent,Auditor,8849,10940,,,,,,,,,,,,,,,,,,,,,,,,,,,,,,,,,
Delaware,1970,New Castle,Auditor,48215,60745,,,,,,,,,,,,,,,,,,,,,,,,,,,,,,,,,
Delaware,1970,Sussex,Auditor,12350,13045,,,,,,,,,,,,,,,,,,,,,,,,,,,,,,,,,
Delaware,1970,Kent,Insurance Commissioner,8073,11837,,,,,,,,,,,,,,,,,,,,,,,,,,,,,,,,,
Delaware,1970,New Castle,Insurance Commissioner,40107,71275,,,,,,,,,,,,,,,,,,,,,,,,,,,,,,,,,
Delaware,1970,Sussex,Insurance Commissioner,9760,16174,,,,,,,,,,,,,,,,,,,,,,,,,,,,,,,,,
Delaware,1972,Kent,Lieutenant Governor,13262,12584,,,41,,,,,,,,205,,,,,,,,,,,,,,,,,,,,,,
Delaware,1972,New Castle,Lieutenant Governor,74953,80260,,,227,,,,,,,,901,,,,,,,,,,,,,,,,,,,,,,
Delaware,1972,Sussex,Lieutenant Governor,13855,17243,,,45,,,,,,,,283,,,,,,,,,,,,,,,,,,,,,,
Delaware,1972,Kent,Treasurer,13934,11859,,,61,,,,,,,,209,,,,,,,,,,,,,,,,,,,,,,
Delaware,1972,New Castle,Treasurer,71980,84945,,,339,,,,,,,,1081,,,,,,,,,,,,,,,,,,,,,,
Delaware,1972,Sussex,Treasurer,14752,15830,,,49,,,,,,,,238,,,,,,,,,,,,,,,,,,,,,,
Delaware,1972,Kent,Auditor,13259,13410,,,28,,,,,,,,276,,,,,,,,,,,,,,,,,,,,,,
Delaware,1972,New Castle,Auditor,79599,77487,,,277,,,,,,,,886,,,,,,,,,,,,,,,,,,,,,,
Delaware,1972,Sussex,Auditor,15036,15996,,,35,,,,,,,,230,,,,,,,,,,,,,,,,,,,,,,
Delaware,1974,Kent,Attorney General,12568,7177,,,70,,,,,,,,507,,,,,,,,,,,,,,,,,,,,,,
Delaware,1974,New Castle,Attorney General,58005,49540,,,481,,,,,,,,1344,,,,,,,,,,,,,,,,,,,,,,
Delaware,1974,Sussex,Attorney General,13631,10584,,,66,,,,,,,,1340,,,,,,,,,,,,,,,,,,,,,,
Delaware,1974,Kent,Treasurer,9117,10793,,,541,,,,,,,,40,,,,,,,,,,,,,,,,,,,,,,
Delaware,1974,New Castle,Treasurer,42464,64552,,,1454,,,,,,,,360,,,,,,,,,,,,,,,,,,,,,,
Delaware,1974,Sussex,Treasurer,11995,13357,,,397,,,,,,,,49,,,,,,,,,,,,,,,,,,,,,,
Delaware,1974,Kent,Auditor,10420,7562,,,73,,,,,,,,1918,,,,,,,,,,,,,,,,,,,,,,
Delaware,1974,New Castle,Auditor,47969,52789,,,483,,,,,,,,4669,,,,,,,,,,,,,,,,,,,,,,
Delaware,1974,Sussex,Auditor,11479,12557,,,78,,,,,,,,1175,,,,,,,,,,,,,,,,,,,,,,
Delaware,1974,Kent,Insurance Commissioner,8893,11594,,,166,,,,,,,,41,,,,,,,,,,,,,,,,,,,,,,
Delaware,1974,New Castle,Insurance Commissioner,43451,63996,,,917,,,,,,,,334,,,,,,,,,,,,,,,,,,,,,,
Delaware,1974,Sussex,Insurance Commissioner,11250,14526,,,245,,,,,,,,55,,,,,,,,,,,,,,,,,,,,,,
Delaware,1980,Kent,Lieutenant Governor,11904,15940,,,,,,193,,,,,76,,,,,,,,,,,,,,,,,,,,,,
Delaware,1980,New Castle,Lieutenant Governor,62143,92703,,,,,,1311,,,,,554,,,,,,,,,,,,,,,,,,,,,,
Delaware,1980,Sussex,Lieutenant Governor,14177,20184,,,,,,150,,,,,57,,,,,,,,,,,,,,,,,,,,,,
Delaware,1982,Kent,Attorney General,12789,11528,,,,,,147,,,,,79,,,,,,,,,,,,,,,,,,,,,,
Delaware,1982,New Castle,Attorney General,65322,63690,,,,,,500,,,,,633,,,,,,,,,,,,,,,,,,,,,,
Delaware,1982,Sussex,Attorney General,14806,16522,,,,,,135,,,,,71,,,,,,,,,,,,,,,,,,,,,,
Delaware,1982,Kent,Treasurer,11847,12241,,,,,,74,,,,,147,,,,45,,,,,,,,,,,,,,,,,,
Delaware,1982,New Castle,Treasurer,64269,64243,,,,,,596,,,,,525,,,,317,,,,,,,,,,,,,,,,,,
Delaware,1982,Sussex,Treasurer,14217,16697,,,,,,57,,,,,143,,,,44,,,,,,,,,,,,,,,,,,
Delaware,1982,Kent,Auditor,11979,11903,,,,,,93,,,,,129,,,,119,,,,,,,,,,,,,,,,,,
Delaware,1982,New Castle,Auditor,65881,59397,,,,,,738,,,,,658,,,,706,,,,,,,,,,,,,,,,,,
Delaware,1982,Sussex,Auditor,14274,16340,,,,,,94,,,,,142,,,,77,,,,,,,,,,,,,,,,,,
Delaware,1984,Kent,Lieutenant Governor,14499,16951,,,,,,,,,,,,,,,,,,,,,,,,,,,,,,,,,
Delaware,1984,New Castle,Lieutenant Governor,90269,80213,,,,,,,,,,,,,,,,,,,,,,,,,,,,,,,,,
Delaware,1984,Sussex,Lieutenant Governor,16327,23502,,,,,,,,,,,,,,,,,,,,,,,,,,,,,,,,,
Delaware,1984,Kent,Insurance Commissioner,15695,15597,,,,,,,,,,,176,,,,,,,,,,,,,,,,,,,,,,
Delaware,1984,New Castle,Insurance Commissioner,96124,68249,,,,,,,,,,,1685,,,,,,,,,,,,,,,,,,,,,,
Delaware,1984,Sussex,Insurance Commissioner,16340,23338,,,,,,,,,,,181,,,,,,,,,,,,,,,,,,,,,,
Delaware,1986,Kent,Attorney General,11163,10675,,,,,,,,,,,177,,,,,,,,,,,,,,,,,,,,,,
Delaware,1986,New Castle,Attorney General,53669,51847,,,,,,,,,,,783,,,,,,,,,,,,,,,,,,,,,,
Delaware,1986,Sussex,Attorney General,14280,15675,,,,,,,,,,,173,,,,,,,,,,,,,,,,,,,,,,
Delaware,1986,Kent,Treasurer,8124,13969,,,,,,,,,,,73,,,,,,,,,,,,,,,,,,,,,,
Delaware,1986,New Castle,Treasurer,35875,69437,,,,,,,,,,,445,,,,,,,,,,,,,,,,,,,,,,
Delaware,1986,Sussex,Treasurer,11031,19256,,,,,,,,,,,92,,,,,,,,,,,,,,,,,,,,,,
Delaware,1986,Kent,Auditor,11022,10687,,,,,,,,,,,133,,,,,,,,,,,,,,,,,,,,,,
Delaware,1986,New Castle,Auditor,59511,43967,,,,,,,,,,,727,,,,,,,,,,,,,,,,,,,,,,
Delaware,1986,Sussex,Auditor,14391,14986,,,,,,,,,,,128,,,,,,,,,,,,,,,,,,,,,,
Delaware,1988,Kent,Lieutenant Governor,14823,17568,,,,,,,,,,,,,,,,,,,,,,,,,,,,,,,,,
Delaware,1988,New Castle,Lieutenant Governor,78906,86283,,,,,,,,,,,,,,,,,,,,,,,,,,,,,,,,,
Delaware,1988,Sussex,Lieutenant Governor,17511,24293,,,,,,,,,,,,,,,,,,,,,,,,,,,,,,,,,
Delaware,1988,Kent,Insurance Commissioner,21115,10653,,,,,,,,,,,,,,,,,,,,,,,,,,,,,,,,,
Delaware,1988,New Castle,Insurance Commissioner,107321,53883,,,,,,,,,,,,,,,,,,,,,,,,,,,,,,,,,
Delaware,1988,Sussex,Insurance Commissioner,25395,15783,,,,,,,,,,,,,,,,,,,,,,,,,,,,,,,,,
Delaware,1990,Kent,Attorney General,12199,11686,,,,,,831,,,,,,,,,,,,,,,,,,,,,,,,,,,
Delaware,1990,New Castle,Attorney General,72241,42710,,,,,,3235,,,,,,,,,,,,,,,,,,,,,,,,,,,
Delaware,1990,Sussex,Attorney General,19522,14071,,,,,,537,,,,,,,,,,,,,,,,,,,,,,,,,,,
Delaware,1990,Kent,Treasurer,8496,16055,,,,,,,,,,,,,,,,,,,,,,,,,,,,,,,,,
Delaware,1990,New Castle,Treasurer,44216,71646,,,,,,,,,,,,,,,,,,,,,,,,,,,,,,,,,
Delaware,1990,Sussex,Treasurer,12117,21819,,,,,,,,,,,,,,,,,,,,,,,,,,,,,,,,,
Delaware,1990,Kent,Auditor,10571,13846,,,,,,,,,,,,,,,,,,,,,,,,,,,,,,,,,
Delaware,1990,New Castle,Auditor,56503,57130,,,,,,,,,,,,,,,,,,,,,,,,,,,,,,,,,
Delaware,1990,Sussex,Auditor,15409,17874,,,,,,,,,,,,,,,,,,,,,,,,,,,,,,,,,
Delaware,1992,Kent,Lieutenant Governor,26195,12109,,,,,,440,,,,,,,,,,,,,,,,,,,,,,,,,,,
Delaware,1992,New Castle,Lieutenant Governor,107552,73410,,,,,,2754,,,,,,,,,,,,,,,,,,,,,,,,,,,
Delaware,1992,Sussex,Lieutenant Governor,31609,17151,,,,,,405,,,,,,,,,,,,,,,,,,,,,,,,,,,
Delaware,1992,Kent,Insurance Commissioner,15833,21180,,,,,,,,,,,,,670,,,,,,,,,,,,,,,,,,,,
Delaware,1992,New Castle,Insurance Commissioner,82682,92739,,,,,,,,,,,,,2949,,,,,,,,,,,,,,,,,,,,
Delaware,1992,Sussex,Insurance Commissioner,19429,27426,,,,,,,,,,,,,669,,,,,,,,,,,,,,,,,,,,
Delaware,1994,Kent,Attorney General,10288,18043,,,,,,,,,,,,,,,,,,,,,,,,,,,,,,,,,
Delaware,1994,New Castle,Attorney General,66790,61972,,,,,,,,,,,,,,,,,,,,,,,,,,,,,,,,,
Delaware,1994,Sussex,Attorney General,14253,23127,,,,,,,,,,,,,,,,,,,,,,,,,,,,,,,,,
Delaware,1994,Kent,Treasurer,7924,20407,,,,,,,,,,,,,,,,,,,,,,,,,,,,,,,,,
Delaware,1994,New Castle,Treasurer,46338,81168,,,,,,,,,,,,,,,,,,,,,,,,,,,,,,,,,
Delaware,1994,Sussex,Treasurer,10029,27116,,,,,,,,,,,,,,,,,,,,,,,,,,,,,,,,,
Delaware,1994,Kent,Auditor,6847,21117,,,,,,,,,,,,,,,,,,,,,,,,,,,,,,,,,
Delaware,1994,New Castle,Auditor,49479,73767,,,,,,,,,,,,,,,,,,,,,,,,,,,,,,,,,
Delaware,1994,Sussex,Auditor,10208,26105,,,,,,,,,,,,,,,,,,,,,,,,,,,,,,,,,
Delaware,1996,Kent,Lieutenant Governor,27718,10576,,,,,,690,,,,,,,,,,,,,,,,,,,,,,,,,,,
Delaware,1996,New Castle,Lieutenant Governor,122079,49461,,,,,,4201,,,,,,,,,,,,,,,,,,,,,,,,,,,
Delaware,1996,Sussex,Lieutenant Governor,36770,13833,,,,,,649,,,,,,,,,,,,,,,,,,,,,,,,,,,
Delaware,1996,Kent,Insurance Commissioner,12452,25329,,,,,,,,,,,,,,380,,,,,,,,,,,,,,,,,,,
Delaware,1996,New Castle,Insurance Commissioner,78788,89465,,,,,,,,,,,,,,2318,,,,,,,,,,,,,,,,,,,
Delaware,1996,Sussex,Insurance Commissioner,17522,31875,,,,,,,,,,,,,,521,,,,,,,,,,,,,,,,,,,
Delaware,2000,Kent,Lieutenant Governor,26478,19457,,,,,,,,,,,,,,,,,,,,,,,,,,,,,,,,,
Delaware,2000,New Castle,Lieutenant Governor,130193,73837,,,,,,,,,,,,,,,,,,,,,,,,,,,,,,,,,
Delaware,2000,Sussex,Lieutenant Governor,36677,26649,,,,,,,,,,,,,,,,,,,,,,,,,,,,,,,,,
Delaware,2000,Kent,Insurance Commissioner,17515,28000,,,,,,,,,,,,,,,,,,,,,,,,,,,,,,,,,
Delaware,2000,New Castle,Insurance Commissioner,103929,95753,,,,,,,,,,,,,,,,,,,,,,,,,,,,,,,,,
Delaware,2000,Sussex,Insurance Commissioner,23516,39143,,,,,,,,,,,,,,,,,,,,,,,,,,,,,,,,,
Delaware,2004,Kent,Lieutenant Governor,29301,21934,,,,,1209,230,,,,,,,,,,,,,,,,,4,,,,,,,,,,
Delaware,2004,New Castle,Lieutenant Governor,148056,73900,,,,,1922,1167,,,,,,,,,,,,,,,,,9,,,,,,,,,,
Delaware,2004,Sussex,Lieutenant Governor,41085,31667,,,,,1003,249,,,,,,,,,,,,,,,,,,,,,,,,,,,
Delaware,2004,Kent,Insurance Commissioner,22574,29615,,,,,,,,,,,,,,,,,,,,,,,,,,,,,,,,,
Delaware,2004,New Castle,Insurance Commissioner,128700,92480,,,,,,,,,,,,,,,,,,,,,,,,,,,,,,,,,
Delaware,2004,Sussex,Insurance Commissioner,31484,41232,,,,,,,,,,,,,,,,,,,,,,,,,,,,,,,,,
Delaware,2006,Kent,Attorney General,18331,20008,,,,,,,,,,,,,,,,,,,,,,,,,,,,,,,,,
Delaware,2006,New Castle,Attorney General,88225,70450,,,,,,,,,,,,,,,,,,,,,,,,,,,,,,,,,
Delaware,2006,Sussex,Attorney General,26596,29604,,,,,,,,,,,,,,,,,,,,,,,,,,,,,,,,,
Delaware,2006,Kent,Treasurer,24834,12638,,,,,,,,,,,,,,,,,,,,,,,,,,,,,,,,,
Delaware,2006,New Castle,Treasurer,116139,38711,,,,,,,,,,,,,,,,,,,,,,,,,,,,,,,,,
Delaware,2006,Sussex,Treasurer,33415,21656,,,,,,,,,,,,,,,,,,,,,,,,,,,,,,,,,
Delaware,2006,Kent,Auditor,12837,24683,,,,,,,,,,,,,,,,,,,,,,,,,,,,,,,,,
Delaware,2006,New Castle,Auditor,81277,71761,,,,,,,,,,,,,,,,,,,,,,,,,,,,,,,,,
Delaware,2006,Sussex,Auditor,19361,35148,,,,,,,,,,,,,,,,,,,,,,,,,,,,,,,,,
Delaware,2008,Kent,Lieutenant Governor,36322,26957,,,,,,,,,,,,18,,,,,,,,,,,,,,,,,,,,,
Delaware,2008,New Castle,Lieutenant Governor,157149,81009,,,,,,,,,,,,52,,,,,,,,,,,,,,,,,,,,,
Delaware,2008,Sussex,Lieutenant Governor,43273,41257,,,,,,,,,,,,22,,,,,,,,,,,,,,,,,,,,,
Delaware,2008,Kent,Insurance Commissioner,32038,29519,,,,,832,,,,,,,,,,,,,,,,,,,,,,,,,,,,
Delaware,2008,New Castle,Insurance Commissioner,151957,79458,,,,,3545,,,,,,,,,,,,,,,,,,,,,,,,,,,,
Delaware,2008,Sussex,Insurance Commissioner,35102,47462,,,,,1255,,,,,,,,,,,,,,,,,,,,,,,,,,,,
Delaware,2010,Kent,Attorney General,29139,,,,,,8787,,,,,,,,,,,,,,,,,,66,,,,,,,,,,
Delaware,2010,New Castle,Attorney General,136089,,,,,,28945,,,,,,,,,,,,,,,,,,101,,,,,,,,,,
Delaware,2010,Sussex,Attorney General,38703,,,,,,16771,,,,,,,,,,,,,,,,,,30,,,,,,,,,,
Delaware,2010,Kent,Treasurer,19611,28915,,,,,,,,,,,,,,,,,,,,,,,,,,,,,,,,,
Delaware,2010,New Castle,Treasurer,107041,75206,,,,,,,,,,,,,,,,,,,,,,,,,,,,,,,,,
Delaware,2010,Sussex,Treasurer,26551,42910,,,,,,,,,,,,,,,,,,,,,,,,,,,,,,,,,
Delaware,2010,Kent,Auditor,18683,29440,,,,,,,,,,,,,,,,,,,,,,,,,,,,,,,,,
Delaware,2010,New Castle,Auditor,102787,77938,,,,,,,,,,,,,,,,,,,,,,,,,,,,,,,,,
Delaware,2010,Sussex,Auditor,26123,42778,,,,,,,,,,,,,,,,,,,,,,,,,,,,,,,,,
Delaware,2012,Kent,Lieutenant Governor,35522,28021,,,,,,957,,,,,,,,,,,,,,,,,,,,,,,,,,,
Delaware,2012,New Castle,Lieutenant Governor,160900,71683,,,,,,3206,,,,,,,,,,,,,,,,,,,,,,,,,,,
Delaware,2012,Sussex,Lieutenant Governor,42537,44274,,,,,,1043,,,,,,,,,,,,,,,,,,,,,,,,,,,
Delaware,2012,Kent,Insurance Commissioner,35616,26155,,,,,,1449,,,,,,,,,,,,,,,,,,,,,,,,,,,
Delaware,2012,New Castle,Insurance Commissioner,156241,72125,,,,,,4407,,,,,,,,,,,,,,,,,,,,,,,,,,,
Delaware,2012,Sussex,Insurance Commissioner,41497,42389,,,,,,1982,,,,,,,,,,,,,,,,,,,,,,,,,,,
Delaware,2014,Kent,Attorney General,18454,17391,,,,1370,1152,524,,,,,,,,,,,,,,,,,,,,,,,,,,,
Delaware,2014,New Castle,Attorney General,77503,41485,,,,7327,2627,1807,,,,,,,,,,,,,,,,,,,,,,,,,,,
Delaware,2014,Sussex,Attorney General,25453,31381,,,,1902,1100,653,,,,,,,,,,,,,,,,,,,,,,,,,,,
Delaware,2014,Kent,Treasurer,14494,23190,,,,1027,,,,,,,,,,,,,,,,,,,,,,,,,,,,,
Delaware,2014,New Castle,Treasurer,67396,58700,,,,4149,,,,,,,,,,,,,,,,,,,,,,,,,,,,,
Delaware,2014,Sussex,Treasurer,18328,41215,,,,1197,,,,,,,,,,,,,,,,,,,,,,,,,,,,,
Delaware,2014,Kent,Auditor,14025,24597,,,,,,,,,,,,,,,,,,,,,,,,,,,,,,,,,
Delaware,2014,New Castle,Auditor,70544,58347,,,,,,,,,,,,,,,,,,,,,,,,,,,,,,,,,
Delaware,2014,Sussex,Auditor,19370,40156,,,,,,,,,,,,,,,,,,,,,,,,,,,,,,,,,
Delaware,2016,Kent,Lieutenant Governor,37961,32722,,,,,,,,,,,,,,,,,,,,,,,,,,,,,,,,,
Delaware,2016,New Castle,Lieutenant Governor,162669,83332,,,,,,,,,,,,,,,,,,,,,,,,,,,,,,,,,
Delaware,2016,Sussex,Lieutenant Governor,47511,53237,,,,,,,,,,,,,,,,,,,,,,,,,,,,,,,,,
Delaware,2016,Kent,Insurance Commissioner,35060,34884,,,,,,,,,,,,,,,,,,,,,,,,,,,,,,,,,
Delaware,2016,New Castle,Insurance Commissioner,171460,74916,,,,,,,,,,,,,,,,,,,,,,,,,,,,,,,,,
Delaware,2016,Sussex,Insurance Commissioner,39908,59428,,,,,,,,,,,,,,,,,,,,,,,,,,,,,,,,,
Delaware,2018,Kent,Attorney General,31788,27051,,,,,,,,,,,,,,,,,,,,,,,,,,,,,,,,,
Delaware,2018,New Castle,Attorney General,143443,63367,,,,,,,,,,,,,,,,,,,,,,,,,,,,,,,,,
Delaware,2018,Sussex,Attorney General,43120,47312,,,,,,,,,,,,,,,,,,,,,,,,,,,,,,,,,
Delaware,2018,Kent,Treasurer,27121,30925,,,,1034,,,,,,,,,,,,,,,,,,,,,,,,,,,,,
Delaware,2018,New Castle,Treasurer,125821,77410,,,,4127,,,,,,,,,,,,,,,,,,,,,,,,,,,,,
Delaware,2018,Sussex,Treasurer,34298,55666,,,,1140,,,,,,,,,,,,,,,,,,,,,,,,,,,,,
Delaware,2018,Kent,Auditor,30383,28303,,,,,,,,,,,,,,,,,,,,,,,,,,,,,,,,,
Delaware,2018,New Castle,Auditor,134482,71748,,,,,,,,,,,,,,,,,,,,,,,,,,,,,,,,,
Delaware,2018,Sussex,Auditor,40759,49430,,,,,,,,,,,,,,,,,,,,,,,,,,,,,,,,,