City,2010_White,2010_Black,2010_Native,2010_Asian,2010_PacIsle,2010_Other,2010_Mixed,2010_HispLat,2010_HH_Inc,2010_Fam_Inc,2010_Male_Inc,2010_Female_Inc,2010_PerCap_Inc,2010_Fam_Pov,2010_Pop_Pov,2010_Child_Pov,2010_Senior_Pov
Abanda,,,,,,,,,"$13,864.00",,,,,,,,
Abbeville,54.40%,41.40%,,1.00%,,2.00%,1.20%,3.10%,"$28,533.00","$39,167.00","$36,630.00","$25,302.00","$17,756.00",16.20%,18.50%,25.20%,17.80%
Abel,,,,,,,,,,,,,,,,,
Abernant,,,,,,,,,,,,,,,,,
Acmar,,,,,,,,,,,,,,,,,
Ada,,,,,,,,,,,,,,,,,
Adamsville,52.30%,44.90%,0.50%,0.30%,0.00%,1.10%,0.80%,2.30%,"$52,167.00","$56,551.00","$41,176.00","$31,349.00","$23,461.00",7.90%,11.00%,21.10%,10.10%
Addison,99.45%,0.14%,0.14%,0.14%,,,0.14%,0.14%,"$22,235.00","$31,146.00","$26,667.00","$19,583.00","$12,973.00",16.30%,19.70%,31.10%,19.50%
Adger,92.30%,6.40%,,,,0.90%,,$0.00,,,,,,,,,
Akron,13.20%,86.50%,,,,,0.30%,0.30%,"$19,875.00","$21,250.00","$22,396.00","$18,500.00","$10,929.00",37.10%,40.70%,60.20%,32.70%
Alabama City,,,,,,,,,,,,,,,,,
Alabama Port,,,,,,,,,,,,,,,,,
Alabaster,81.20%,15.00%,0.31%,0.64%,0.02%,2.20%,0.69%,4.54%,"$64,411.00","$78,940.00",,,"$22,466.00",4.30%,5.90%,7.00%,12.30%
Alberta,,,,,,,,,,,,,,,,,
Albertville,75.90%,1.90%,0.80%,0.50%,0.10%,18.70%,2.10%,27.90%,"$35,843.00","$41,862.00","$30,164.00","$25,700.00","$16,839.00",15.80%,23.60%,35.60%,7.60%
Alden,,,,,,,,,,,,,,,,,
Alexander City,62.20%,32.00%,0.20%,0.90%,0.00%,3.80%,0.90%,4.80%,"$34,782.00","$44,455.00","$34,515.00","$31,250.00","$20,097.00",17.00%,20.50%,30.70%,14.30%
Alexandria,87.40%,10.20%,0.30%,0.50%,0.30%,0.50%,0.80%,0.90%,"$41,324.00","$66,061.00","$47,788.00","$30,294.00","$21,647.00",19.80%,19.40%,29.70%,16.20%
Aliceville,22.60%,74.90%,0.10%,0.00%,,0.80%,1.60%,1.20%,"$17,092.00","$23,233.00","$25,114.00","$15,952.00","$11,028.00",38.70%,44.70%,64.60%,29.90%
Allen,,,,,,,,,,,,,,,,,
Allgood,83.94%,0.32%,0.48%,,,12.08%,3.18%,43.40%,"$29,583.00","$30,750.00","$31,058.00","$25,486.00","$11,729.00",23.40%,27.30%,33.90%,8.70%
Alma,,,,,,,,,,,,,,,,,
Almond,,,,,,,,,,,,,,,,,
Alpine,,,,,,,,,,,,,,,,,
Alton,,,,,,,,,,,,,,,,,
Altoona,95.43%,2.54%,0.10%,,,0.91%,1.02%,2.54%,"$20,469.00","$28,750.00","$30,250.00","$22,344.00","$11,168.00",21.80%,27.20%,39.30%,16.30%
Andalusia,70.50%,25.90%,0.40%,1.00%,0.00%,0.40%,1.70%,1.90%,"$28,049.00","$37,059.00","$27,228.00","$25,855.00","$19,544.00",20.20%,22.80%,35.40%,14.50%
Anderson,99.15%,,0.28%,,,,0.56%,,"$26,750.00","$30,962.00","$28,125.00","$28,333.00","$16,477.00",13.30%,13.70%,16.90%,8.20%
Anne Manie,,,,,,,,,,,,,,,,,
Anniston,43.60%,51.50%,0.30%,0.80%,0.10%,,1.70%,2.70%,"$30,400.00","$37,067.00","$31,429.00","$21,614.00","$19,689.00",25.10%,29.80%,35.20%,16.20%
Aquilla,,,,,,,,,,,,,,,,,
Arab,96.60%,0.10%,0.60%,0.70%,,0.70%,1.10%,1.70%,"$42,435.00","$64,432.00","$44,401.00","$40,062.00","$23,986.00",13.30%,18.10%,27.70%,14.80%
Ardmore,94.30%,1.90%,0.80%,0.90%,0.10%,0.60%,1.40%,1.30%,"$32,196.00","$36,779.00","$31,600.00","$37,841.00","$18,931.00",13.00%,18.80%,21.90%,19.20%
Argo,94.10%,3.60%,0.40%,0.30%,0.10%,,1.30%,0.50%,"$53,917.00","$60,313.00","$39,000.00","$35,072.00","$21,409.00",8.20%,9.20%,14.30%,2.80%
Ariton,69.30%,29.27%,0.13%,,,,1.30%,0.78%,"$21,083.00","$25,781.00","$27,250.00","$17,639.00","$11,502.00",25.10%,25.90%,34.50%,22.20%
Arkadelphia,,,,,,,,,,,,,,,,,
Arley,99.31%,,,,,,0.69%,1.38%,"$26,500.00","$31,000.00","$25,750.00","$16,667.00","$12,822.00",13.30%,15.40%,25.00%,22.60%
Arlington,,,,,,,,,,,,,,,,,
Armstrong,,,,,,,,,,,,,,,,,
Ashford,79.00%,19.50%,0.20%,0.20%,,,0.70%,0.80%,"$35,709.00","$55,833.00","$38,654.00","$27,143.00","$21,444.00",9.10%,14.30%,21.50%,15.50%
Ashland,71.50%,24.10%,,0.70%,,2.00%,1.30%,5.70%,"$30,759.00","$44,659.00","$30,360.00","$29,438.00","$17,258.00",24.40%,20.00%,7.90%,29.20%
Ashville,75.80%,20.30%,0.20%,0.30%,0.00%,1.40%,2.00%,3.80%,"$33,321.00","$34,607.00","$32,026.00","$30,033.00","$16,419.00",14.20%,19.90%,32.00%,6.20%
Athens,73.00%,17.50%,0.60%,0.90%,0.10%,5.90%,1.90%,8.80%,"$42,127.00","$54,013.00","$43,672.00","$31,601.00","$26,136.00",15.50%,17.50%,26.40%,8.50%
Atmore,39.30%,55.40%,1.80%,0.30%,0.10%,0.10%,1.30%,1.80%,,,,,,,,,
Attalla,81.50%,12.70%,0.40%,0.50%,,2.90%,2.00%,4.70%,"$32,426.00","$35,934.00","$33,428.00","$25,441.00","$16,457.00",13.90%,18.20%,27.50%,13.90%
Auburn,75.10%,16.50%,0.30%,5.30%,0.00%,1.10%,1.60%,2.90%,"$35,857.00","$72,771.00","$51,644.00","$36,898.00","$24,656.00",9.20%,25.20%,15.00%,3.60%
Autaugaville,31.30%,66.80%,0.20%,,,0.30%,1.40%,0.80%,"$22,563.00","$35,417.00","$29,688.00","$19,821.00","$12,586.00",27.40%,27.10%,31.20%,23.20%
Avon,94.42%,4.29%,0.21%,,,,1.07%,0.43%,"$37,679.00","$42,273.00","$28,438.00","$18,068.00","$18,152.00",9.20%,12.40%,18.90%,4.30%
Awin,,,,,,,,,,,,,,,,,
Axis,66.80%,26.90%,3.20%,0.10%,0.10%,0.10%,2.60%,$0.01,,,,,,,,,
Babbie,98.88%,0.16%,,0.32%,,0.16%,0.48%,,"$26,328.00","$31,875.00","$27,054.00","$17,000.00","$13,628.00",16.60%,14.80%,21.60%,15.60%
Baileyton,99.56%,,0.29%,0.15%,,,,,"$31,000.00","$41,563.00","$30,083.00","$20,417.00","$14,696.00",10.30%,16.60%,21.10%,22.50%
Bakerhill,,,,,,,,,,,,,,,,,
Ballplay,,,,,,,,,,,,,,,,,
Bangor,,,,,,,,,,,,,,,,,
Banks,69.30%,24.60%,2.20%,,,1.10%,2.80%,1.10%,"$21,719.00","$32,500.00","$25,417.00","$26,500.00","$15,601.00",4.80%,10.00%,10.90%,11.30%
Bankston,,,,,,,,,,,,,,,,,
Barfield,,,,,,,,,,,,,,,,,
Barlow,,,,,,,,,,,,,,,,,
Barnett%27s Crossroads,,,,,,,,,,,,,,,,,
Barney,,,,,,,,,,,,,,,,,
Bassetts Creek,,,,,,,,,,,,,,,,,
Bay Minette,60.40%,35.30%,1.00%,0.80%,0.00%,0.80%,1.70%,1.80%,"$32,389.00","$44,573.00","$37,623.00","$23,125.00","$16,897.00",17.10%,26.40%,33.90%,18.80%
Bayou La Batre,60.30%,12.30%,0.40%,22.80%,0.10%,1.00%,3.20%,2.80%,"$24,539.00","$27,580.00","$22,847.00","$14,042.00","$9,928.00",22.90%,28.20%,35.90%,17.70%
Bazemore,,,,,,,,,,,,,,,,,
Bear Creek,97.10%,0.10%,0.70%,,,,1.20%,1.80%,"$25,313.00","$31,364.00","$35,938.00","$22,014.00","$21,959.00",20.00%,28.40%,53.30%,4.20%
Beatrice,26.94%,72.57%,0.24%,,0.24%,,,0.49%,"$15,833.00","$15,625.00","$30,417.00","$15,469.00","$8,661.00",39.60%,44.40%,54.50%,29.20%
Beaverton,95.58%,3.10%,,,,,1.33%,,"$20,250.00","$38,125.00","$27,500.00","$12,019.00","$12,782.00",7.40%,9.90%,14.30%,18.60%
Belgreen,,,,,,,,,,,,,,,,,
Belk,97.20%,0.93%,,,,1.40%,0.47%,1.40%,"$32,188.00","$43,333.00","$30,313.00","$18,500.00","$16,848.00",2.80%,6.30%,11.50%,10.70%
Bellamy,8.30%,89.50%,,0.90%,,,,1.30%,,,,,,,,,
Belle Fontaine,,,,,,,,,,,,,,,,,
Belle Mina,,,,,,,,,,,,,,,,,
Belleville,,,,,,,,,,,,,,,,,
Bellwood,,,,,,,,,,,,,,,,,
Benton,76.60%,23.40%,,,,,,,"$90,000.00","$92,113.00","$41,250.00","$26,875.00","$28,035.00",7.70%,7.50%,14.30%,0.00%
Berry,90.80%,7.40%,0.00%,,,0.60%,1.20%,0.80%,"$20,792.00","$32,350.00","$26,346.00","$26,250.00","$12,960.00",20.80%,27.10%,19.90%,29.60%
Bessemer,28.93%,69.55%,0.28%,0.18%,0.02%,0.30%,0.74%,1.14%,"$23,066.00","$28,230.00","$29,413.00","$21,552.00","$12,232.00",24.20%,27.20%,37.80%,24.70%
Beulah,,,,,,,,,,,,,,,,,
Big Cove,,,,,,,,,,,,,,,,,
Bigbee,,,,,,,,,,,,,,,,,
Billingsley,90.52%,6.03%,1.72%,,1.72%,,,,"$44,688.00","$46,000.00","$30,625.00","$15,750.00","$14,713.00",10.00%,11.70%,14.80%,4.80%
Birmingham,22.30%,73.40%,0.20%,1.00%,0.00%,2.10%,1.00%,3.60%,"$31,898.00","$38,776.00","$36,031.00","$30,367.00","$19,962.00",22.50%,27.30%,41.90%,18.30%
Birmingport,,,,,,,,,,,,,,,,,
Black,94.06%,5.45%,0.50%,,,,,,"$31,250.00","$36,250.00","$27,857.00","$15,924.00","$12,628.00",13.20%,19.20%,32.40%,8.00%
Bladon Springs,,,,,,,,,,,,,,,,,
Blount Springs,,,,,,,,,,,,,,,,,
Blountsville,87.30%,0.70%,1.00%,0.40%,0.90%,8.80%,1.00%,15.30%,"$25,238.00","$41,042.00","$23,839.00","$24,940.00","$15,372.00",13.00%,18.20%,16.00%,20.10%
Blue Ridge,94.50%,2.70%,0.70%,0.90%,0.10%,,0.90%,1.00%,"$84,135.00","$85,066.00","$69,141.00","$46,029.00","$40,625.00",0.00%,,0.00%,0.00%
Blue Springs,99.17%,0.83%,,,,,,,"$38,000.00","$38,250.00","$27,000.00","$21,500.00","$17,224.00",6.50%,4.30%,0.00%,33.30%
Bluff,,,,,,,,,,,,,,,,,
Boaz,87.30%,1.80%,0.40%,0.70%,0.30%,7.90%,1.60%,14.20%,"$31,172.00","$42,973.00","$32,446.00","$27,924.00","$17,697.00",11.70%,16.00%,24.10%,17.10%
Boligee,10.57%,88.89%,,,,,0.54%,1.90%,"$15,000.00","$16,146.00","$23,750.00","$21,000.00","$7,909.00",41.40%,44.90%,63.30%,10.30%
Bolinger,,,,,,,,,,,,,,,,,
Bolling,,,,,,,,,,,,,,,,,
Bon Air,93.75%,6.25%,,,,,,,"$33,125.00","$36,667.00","$30,000.00","$17,083.00","$13,075.00",13.30%,29.00%,59.10%,22.20%
Bon Secour,96.40%,,1.70%,,,0.30%,1.70%,1.00%,,,,,,,,,
Booth,,,,,,,,,,,,,,,,,
Boykin,,,,,,,,,,,,,,,,,
Bradford,,,,,,,,,,,,,,,,,
Bradley,,,,,,,,,,,,,,,,,
Braggs,,,,,,,,,,,,,,,,,
Branchville,97.09%,0.36%,1.21%,,,0.48%,0.85%,1.94%,"$40,438.00","$43,594.00","$35,313.00","$32,639.00","$20,541.00",6.50%,7.80%,10.10%,5.30%
Brantley,59.35%,40.22%,0.43%,,,,,0.11%,"$21,574.00","$30,078.00","$26,063.00","$20,000.00","$14,108.00",18.80%,24.60%,33.50%,25.60%
Brantleyville,,,,,,,,,,,,,,,,,
Bremen,92.60%,5.98%,,,,1.00%,1.00%,1.00%,,,,,,,,,
Brent,45.10%,53.50%,0.10%,0.00%,,0.50%,0.60%,2.10%,"$35,044.00","$42,440.00","$43,211.00","$22,010.00","$16,799.00",14.90%,18.60%,25.10%,38.40%
Brewton,54.10%,42.60%,0.70%,0.40%,,1.10%,1.00%,2.20%,"$34,390.00","$49,554.00","$35,233.00","$28,879.00","$20,467.00",19.60%,22.30%,41.30%,7.90%
Bridgeport,84.00%,8.60%,1.90%,0.20%,,1.20%,4.10%,1.70%,"$36,282.00","$43,239.00","$44,188.00","$28,944.00","$19,048.00",14.00%,16.00%,32.10%,4.60%
Brierfield,,,,,,,,,,,,,,,,,
Brighton,6.50%,81.00%,1.00%,0.00%,0.00%,10.80%,0.90%,13.80%,"$25,929.00","$31,472.00","$20,838.00","$28,250.00","$14,858.00",14.10%,16.60%,19.60%,21.90%
Brilliant,99.61%,,0.13%,,,,0.26%,0.66%,"$18,224.00","$27,857.00","$28,611.00","$15,703.00","$14,516.00",22.40%,26.50%,37.30%,27.00%
Bristow Cove,,,,,,,,,,,,,,,,,
Bromley,,,,,,,,,,,,,,,,,
Brook Highland,73.60%,16.20%,0.20%,4.40%,0.00%,3.50%,2.10%,7.80%,"$57,214.00","$116,498.00","$57,413.00","$41,948.00","$40,578.00",2.40%,4.70%,2.30%,0.00%
Brookside,79.50%,18.50%,0.30%,,,0.20%,1.40%,0.70%,"$41,848.00","$55,833.00","$50,473.00","$31,208.00","$21,486.00",13.10%,14.50%,13.30%,21.10%
Brooksville,,,,,,,,,,,,,,,,,
Brookwood,92.20%,5.30%,0.70%,0.10%,,0.40%,1.40%,2.00%,"$55,357.00","$66,944.00","$44,837.00","$31,118.00","$19,352.00",7.20%,10.60%,12.10%,5.20%
Broomtown,,,,,,,,,,,,,,,,,
Browns,,,,,,,,,,,,,,,,,
Brownsboro,,,,,,,,,,,,,,,,,
Brundidge,34.10%,62.90%,0.50%,0.60%,,,1.30%,3.00%,"$21,798.00","$29,073.00","$30,517.00","$19,315.00","$14,671.00",23.70%,33.50%,55.50%,21.30%
Bryant,95.60%,0.30%,1.50%,,,,1.90%,1.30%,,,,,"$20,113.00",,13.70%,,
Bucks,59.40%,31.30%,3.10%,,,,6.30%,3.10%,,,,,,,,,
Buena Vista,,,,,,,,,,,,,,,,,
Buhl,,,,,,,,,,,,,,,,,
Bull Slough,,,,,,,,,,,,,,,,,
Burkville,,,,,,,,,,,,,,,,,
Burmuda,,,,,,,,,,,,,,,,,
Burningtree Mountain,,,,,,,,,,,,,,,,,
Burnt Corn,,,,,,,,,,,,,,,,,
Burntout,,,,,,,,,,,,,,,,,
Burnwell,,,,,,,,,,,,,,,,,
Butler,71.40%,26.70%,0.20%,,,,0.70%,0.70%,"$43,173.00","$67,031.00","$49,194.00","$17,500.00","$21,284.00",7.80%,10.40%,14.60%,10.50%
Caddo,,,,,,,,,,,,,,,,,
Cahaba,,,,,,,,,,,,,,,,,
Calera,71.20%,23.00%,0.20%,0.60%,0.00%,2.90%,2.00%,5.00%,"$54,080.00","$62,117.00","$47,125.00","$37,888.00","$24,391.00",9.60%,12.60%,18.90%,7.80%
Calvert,,,,,,,,,,,,,,,,,
Camden,42.00%,57.40%,0.10%,,,0.10%,0.40%,0.70%,"$21,563.00","$37,031.00","$60,250.00","$23,380.00","$15,978.00",27.00%,31.60%,42.60%,15.60%
Camp Hill,10.20%,88.40%,,,,0.50%,0.80%,0.70%,"$18,663.00","$23,646.00","$27,083.00","$16,694.00","$12,627.00",37.20%,38.60%,55.80%,31.30%
Campbell,,,,,,,,,,,,,,,,,
Capshaw,,,,,,,,,,,,,,,,,
Carbon Hill,89.40%,8.20%,0.20%,,,0.60%,1.20%,1.20%,"$25,481.00","$36,298.00","$32,455.00","$25,417.00","$15,167.00",24.60%,26.20%,44.00%,27.90%
Cardiff,93.90%,6.10%,,,,,,,"$34,107.00","$45,000.00","$28,906.00","$18,125.00","$16,067.00",5.60%,8.10%,0.00%,0.00%
Carlisle-Rockledge,,,,,,,,,,,,,,,,,
Carlton,,,,,,,,,,,,,,,,,
Carolina,99.60%,0.40%,,,,,,0.40%,"$33,750.00","$37,708.00","$26,250.00","$16,750.00","$13,491.00",12.70%,10.40%,15.50%,15.40%
Carrollton,49.00%,43.10%,0.10%,,,3.60%,4.20%,10.40%,"$24,318.00","$29,612.00","$30,833.00","$18,333.00","$12,153.00",31.40%,38.50%,56.90%,26.10%
Castleberry,63.22%,35.59%,,,0.85%,,0.34%,,"$21,204.00","$30,000.00","$27,386.00","$17,143.00","$13,154.00",21.80%,26.60%,34.00%,29.20%
Catherine,,,,,,,,,,,,,,,,,
Cecil,,,,,,,,,,,,,,,,,
Cedar Bluff,86.20%,9.90%,0.70%,0.30%,,0.50%,2.40%,1.20%,"$35,143.00","$37,500.00","$31,016.00","$26,583.00","$19,469.00",22.80%,25.70%,41.00%,8.50%
Center Point,32.60%,62.90%,0.20%,0.40%,0.02%,2.80%,1.10%,4.80%,"$40,929.00","$46,427.00","$35,500.00","$25,544.00","$18,160.00",7.70%,9.50%,12.20%,9.60%
Centerville,,,,,,,,,,,,,,,,,
Centre,87.00%,9.90%,0.40%,0.30%,,0.30%,2.10%,1.20%,"$40,564.00","$44,665.00","$43,816.00","$24,043.00","$20,491.00",14.70%,21.80%,42.00%,1.80%
Centreville,72.20%,23.70%,0.30%,0.40%,,2.40%,1.10%,3.00%,"$31,642.00","$58,000.00","$37,614.00","$17,088.00","$18,172.00",13.50%,15.90%,10.10%,1.10%
Chancellor,,,,,,,,,,,,,,,,,
Chapman,,,,,,,,,,,,,,,,,
Chatom,68.20%,31.10%,0.00%,,,0.30%,0.40%,0.60%,"$23,250.00","$27,375.00","$47,500.00","$28,235.00","$13,431.00",28.30%,35.30%,56.30%,6.10%
Chelsea,90.50%,4.70%,0.30%,2.00%,0.10%,1.10%,1.30%,3.20%,"$67,083.00","$72,206.00","$46,071.00","$28,403.00","$24,717.00",5.50%,7.20%,8.40%,9.20%
Cherokee,77.60%,18.30%,0.50%,,,,2.30%,1.70%,"$36,875.00","$41,250.00","$37,581.00","$23,421.00","$18,038.00",20.50%,20.90%,36.10%,12.20%
Chickasaw,63.00%,33.60%,0.80%,0.50%,0.00%,0.90%,1.20%,2.30%,"$33,061.00","$40,625.00","$35,300.00","$25,369.00","$18,105.00",18.90%,20.70%,30.00%,11.00%
Childersburg,60.10%,36.90%,0.40%,0.50%,0.00%,0.30%,1.80%,1.30%,"$38,310.00","$41,646.00","$43,333.00","$25,450.00","$20,221.00",14.80%,14.20%,18.40%,24.80%
Choccolocco,,,,,,,,,,,,,,,,,
Chunchula,,,,,,,,,,,,,,,,,
Citronelle,70.70%,20.20%,4.90%,0.50%,,,2.20%,2.60%,"$31,739.00","$39,922.00","$32,200.00","$19,702.00","$16,455.00",12.00%,15.40%,21.10%,19.10%
Clanton,46.31%,46.01%,1.29%,0.33%,0.01%,1.29%,0.74%,2.64%,"$30,394.00","$37,568.00","$32,484.00","$20,344.00","$15,299.00",15.10%,19.50%,27.50%,14.00%
Claud,,,,,,,,,,,,,,,,,
Clay,84.10%,13.30%,0.30%,0.60%,,0.60%,1.10%,1.30%,"$70,273.00","$82,911.00","$52,800.00","$42,813.00","$28,000.00",1.70%,3.60%,4.70%,8.70%
Clayhatchee,92.42%,4.19%,0.60%,0.80%,,0.20%,1.80%,1.80%,"$30,156.00","$34,821.00","$26,354.00","$21,250.00","$17,959.00",15.60%,20.00%,31.20%,10.90%
Clayton,35.80%,63.80%,0.00%,,,0.00%,0.30%,0.60%,"$23,629.00","$17,778.00","$33,750.00","$26,964.00","$11,288.00",27.40%,29.30%,30.60%,26.30%
Cleveland,89.20%,0.30%,0.20%,,,8.60%,1.40%,18.40%,"$46,786.00","$53,818.00","$37,344.00","$25,313.00","$18,250.00",11.10%,15.50%,27.60%,12.70%
Clio,32.00%,36.50%,0.40%,0.50%,0.10%,30.20%,0.40%,36.00%,"$21,806.00","$33,438.00","$32,908.00","$25,625.00","$8,722.00",28.30%,28.00%,33.10%,19.10%
Clopton,,,,,,,,,,,,,,,,,
Cloverdale,,,,,,,,,,,,,,,,,
Coaling,86.42%,11.40%,0.06%,,,0.50%,0.81%,1.68%,"$45,662.00","$55,125.00","$31,371.00","$21,394.00","$18,664.00",0.00%,1.40%,0.00%,15.90%
Coats Bend,,,,,,,,,,,,,,,,,
Coden,,,,,,,,,,,,,,,,,
Coffee Springs,93.23%,3.98%,,,,,2.79%,,"$26,477.00","$30,000.00","$28,750.00","$15,833.00","$12,393.00",13.80%,17.10%,15.40%,25.30%
Coffeeville,61.11%,38.89%,,,,,,,"$19,545.00","$33,125.00","$29,000.00","$17,500.00","$16,886.00",18.80%,25.60%,42.20%,19.70%
Coker,95.20%,2.00%,0.20%,0.90%,,0.15%,0.10%,1.80%,"$41,184.00","$50,875.00","$40,250.00","$26,429.00","$18,543.00",6.60%,5.00%,6.70%,9.30%
Collinsville,44.90%,9.00%,1.10%,0.10%,2.10%,36.80%,3.00%,43.10%,"$21,964.00","$27,500.00","$20,114.00","$16,635.00","$13,042.00",22.20%,25.70%,33.30%,27.00%
Colony,5.71%,93.51%,0.26%,,,0.26%,0.26%,0.78%,"$32,708.00","$35,417.00","$24,821.00","$19,125.00","$12,415.00",12.00%,12.70%,8.50%,41.30%
Columbia,74.38%,24.50%,0.62%,,,0.12%,0.37%,0.50%,"$27,500.00","$36,339.00","$29,821.00","$18,393.00","$15,248.00",12.30%,18.00%,24.00%,18.60%
Columbiana,71.30%,25.10%,0.30%,0.20%,0.10%,1.60%,1.30%,3.00%,"$31,108.00","$56,411.00","$43,304.00","$34,583.00","$21,003.00",11.00%,16.20%,29.10%,9.20%
Concord,98.34%,0.28%,0.55%,0.22%,,0.28%,0.33%,0.28%,"$63,150.00","$55,129.00","$35,825.00","$26,406.00","$24,490.00",1.50%,2.40%,0.00%,8.00%
Cooks Springs,,,,,,,,,,,,,,,,,
Coosada,57.70%,40.00%,0.40%,0.20%,,1.10%,0.70%,2.90%,"$47,904.00","$53,462.00","$41,336.00","$24,659.00","$18,636.00",10.60%,15.50%,18.80%,12.70%
Cordova,83.40%,14.50%,0.80%,0.10%,0.00%,0.30%,1.00%,0.70%,"$23,472.00","$39,185.00","$40,868.00","$35,147.00","$16,016.00",21.30%,29.60%,33.30%,20.20%
Corner,,,,,,,,,,,,,,,,,
Cottondale,,,,,,,,,,,,,,,,,
Cottonton,,,,,,,,,,,,,,,,,
Cottonwood,71.80%,25.40%,0.60%,,,,1.90%,1.10%,"$26,570.00","$27,465.00","$28,942.00","$27,857.00","$15,090.00",26.10%,28.00%,38.50%,13.50%
County Line,95.72%,2.72%,,,,,1.56%,1.17%,"$35,625.00","$37,500.00","$28,500.00","$21,250.00","$13,621.00",13.80%,17.40%,30.40%,9.10%
Courtland,54.23%,40.44%,2.08%,0.26%,0.13%,,2.86%,0.91%,"$27,500.00","$36,000.00","$31,250.00","$17,188.00","$14,456.00",18.10%,20.20%,22.70%,32.90%
Cowarts,80.80%,14.60%,0.70%,0.10%,,0.60%,3.20%,1.70%,"$36,014.00","$47,625.00","$42,016.00","$29,450.00","$19,808.00",10.40%,14.60%,22.80%,17.30%
Coy,,,,,,,,,,,,,,,,,
Cragford,,,,,,,,,,,,,,,,,
Crane Hill,,,,,,,,,,,,,,,,,
Crawford,,,,,,,,,,,,,,,,,
Creola,84.70%,9.80%,1.80%,0.10%,,1.90%,1.70%,3.10%,"$41,786.00","$48,009.00","$45,729.00","$36,902.00","$19,202.00",14.70%,18.30%,29.10%,14.40%
Cromwell,,,,,,,,,,,,,,,,,
Cropwell,,,,,,,,,,,,,,,,,
Crosston,,,,,,,,,,,,,,,,,
Crossville,87.20%,0.40%,1.90%,0.20%,0.10%,6.30%,2.40%,8.30%,"$31,394.00","$44,667.00","$27,708.00","$20,461.00","$14,326.00",11.00%,15.20%,21.50%,29.30%
Cuba,85.00%,13.00%,0.60%,,,,1.20%,0.30%,"$50,795.00","$57,500.00","$36,500.00","$20,179.00","$21,130.00",3.30%,6.00%,10.10%,13.90%
Cullman,93.40%,0.01%,0.30%,0.90%,0.05%,,1.10%,8.20%,"$29,164.00","$41,313.00","$32,863.00","$21,647.00","$18,484.00",9.40%,13.20%,12.30%,18.50%
Cullomburg,,,,,,,,,,,,,,,,,
Cusseta,,,,,,,,,,,,,,,,,
Dadeville,50.20%,47.50%,0.30%,0.60%,,0.30%,1.10%,0.90%,"$35,319.00","$38,824.00","$32,031.00","$24,965.00","$15,923.00",16.90%,19.40%,27.90%,15.20%
Daleville,66.20%,22.60%,1.10%,2.70%,0.20%,2.90%,4.30%,10.10%,"$47,536.00","$48,824.00","$47,588.00","$30,167.00","$23,663.00",11.10%,13.80%,19.70%,12.90%
Dallas,,,,,,,,,,,,,,,,,
Danville,,,,,,,,,,,,,,,,,
Daphne,84.10%,11.80%,0.40%,1.51%,0.01%,0.90%,1.20%,2.90%,"$52,603.00","$61,563.00","$46,576.00","$29,052.00","$25,597.00",2.60%,4.50%,4.50%,7.00%
Dauphin Island,97.30%,0.40%,1.00%,0.20%,,,1.00%,0.70%,"$56,731.00","$54,844.00","$47,308.00","$37,292.00","$26,771.00",11.40%,15.30%,21.50%,0.00%
Daviston,82.02%,17.98%,,,,,,1.50%,"$31,250.00","$37,500.00","$26,250.00","$16,875.00","$14,239.00",15.90%,18.40%,15.70%,20.00%
Dawson,,,,,,,,,,,,,,,,,
Dayton,35.00%,65.00%,,,,,,,"$12,500.00","$6,250.00","$32,917.00","$30,417.00","$10,235.00",66.70%,58.70%,50.00%,50.00%
DeArmanville,,,,,,,,,,,,,,,,,
Deatsville,77.60%,19.40%,,,,0.30%,2.30%,,"$59,853.00","$68,929.00","$59,125.00","$26,250.00","$23,376.00",0.00%,0.20%,0.00%,0.00%
Decatur,66.50%,21.70%,0.70%,0.90%,0.10%,7.90%,2.20%,12.40%,"$43,090.00","$55,158.00","$42,146.00","$27,477.00","$23,615.00",12.80%,17.50%,28.30%,11.10%
Deer Park,,,,,,,,,,,,,,,,,
Delmar,,,,,,,,,,,,,,,,,
Delta,,,,,,,,,,,,,,,,,
Demopolis,47.30%,50.10%,0.10%,0.50%,0.00%,1.10%,0.80%,2.40%,"$35,583.00","$49,973.00","$50,734.00","$31,520.00","$21,116.00",19.10%,26.80%,25.40%,27.50%
Detroit,79.35%,20.65%,,,,,,,"$19,531.00","$29,750.00","$24,643.00","$20,000.00","$10,107.00",30.20%,23.90%,28.60%,13.50%
Dickinson,,,,,,,,,,,,,,,,,
Dixiana,,,,,,,,,,,,,,,,,
Dixons Mills,,,,,,,,,,,,,,,,,
Docena,,,,,,,,,,,,,,,,,
Dodge City,99.51%,,,,,,0.49%,0.33%,"$30,417.00","$33,393.00","$29,028.00","$18,214.00","$14,111.00",6.90%,8.20%,6.80%,21.40%
Dolomite,,,,,,,,,,,,,,,,,
Dora,85.60%,12.20%,0.30%,0.00%,0.10%,0.30%,1.30%,0.70%,"$26,596.00","$37,946.00","$35,586.00","$22,652.00","$18,902.00",29.00%,25.00%,42.30%,3.10%
Dothan,63.10%,32.50%,0.40%,1.10%,0.10%,1.10%,1.80%,2.90%,"$42,124.00","$52,855.00","$43,892.00","$28,921.00","$24,306.00",13.40%,17.50%,27.70%,10.20%
Double Springs,97.30%,0.60%,0.80%,,,0.10%,0.90%,0.40%,"$30,865.00","$32,232.00","$27,450.00","$21,641.00","$13,973.00",21.10%,25.60%,38.70%,11.30%
Douglas,96.79%,,0.57%,0.19%,,2.08%,0.38%,2.64%,"$33,594.00","$36,000.00","$32,143.00","$19,375.00","$22,410.00",8.80%,9.80%,15.90%,9.80%
Dozier,57.03%,39.64%,,,,2.05%,1.28%,1.28%,"$13,750.00","$16,667.00","$23,438.00","$18,750.00","$8,964.00",42.60%,49.90%,76.10%,39.70%
Duncanville,,,,,,,,,,,,,,,,,
Dunnavant,,,,,,,,,,,,,,,,,
Dutton,97.10%,,2.26%,,,,0.65%,0.65%,"$32,125.00","$35,000.00","$23,500.00","$18,438.00","$14,052.00",1.10%,7.20%,3.30%,21.10%
East Brewton,74.70%,20.80%,0.60%,,0.00%,2.60%,1.30%,3.10%,"$26,065.00","$34,120.00","$35,833.00","$17,458.00","$15,181.00",26.40%,29.70%,39.10%,13.10%
East Point,,,,,,,,,,,,,,,,,
Eastaboga,,,,,,,,,,,,,,,,,
Eclectic,86.40%,11.00%,0.40%,0.00%,,0.00%,2.10%,1.30%,"$34,750.00","$42,188.00","$35,815.00","$27,684.00","$19,181.00",8.60%,13.10%,22.40%,5.70%
Edgewater,37.95%,61.10%,,,,0.14%,0.82%,1.10%,"$21,322.00","$47,240.00","$26,786.00","$20,962.00","$14,240.00",2.50%,10.20%,9.30%,14.40%
Edwardsville,98.39%,0.54%,,,,,1.08%,0.54%,"$19,808.00","$29,792.00","$30,500.00","$21,250.00","$12,835.00",16.40%,28.70%,26.40%,20.00%
Egypt,,,,,,,,,,,,,,,,,
Eight Mile,,,,,,,,,,,,,,,,,
Elba,62.10%,34.30%,1.20%,0.30%,0.20%,0.80%,1.20%,1.10%,"$28,975.00","$32,065.00","$31,652.00","$21,786.00","$14,878.00",27.60%,27.10%,40.40%,17.80%
Elberta,92.90%,1.40%,0.30%,0.80%,0.10%,2.50%,2.00%,5.30%,"$30,161.00","$31,964.00","$29,575.00","$27,971.00","$17,027.00",12.30%,18.50%,40.90%,5.70%
Eldridge,95.65%,4.35%,,,,,,2.17%,"$30,250.00","$35,313.00","$26,875.00","$24,167.00","$18,227.00",5.50%,13.60%,29.20%,11.10%
Elgin,,,,,,,,,,,,,,,,,
Elkmont,83.40%,15.11%,,,,1.06%,0.43%,1.28%,"$31,771.00","$35,000.00","$33,750.00","$21,250.00","$17,654.00",15.90%,20.40%,34.90%,13.90%
Elmore,64.30%,26.70%,0.10%,,,7.40%,1.30%,8.80%,"$33,295.00","$36,354.00","$37,667.00","$22,193.00","$17,139.00",20.70%,20.30%,29.80%,13.90%
Emelle,6.45%,93.55%,,,,,,,"$5,833.00","$5,000.00","$36,250.00","$23,333.00","$10,738.00",66.70%,61.90%,100.00%,0.00%
Emerald Mountain,,,,,,,,,,,,,,,,,
Empire,,,,,,,,,,,,,,,,,
Enterprise,69.40%,20.70%,0.50%,2.00%,0.30%,4.10%,2.90%,8.80%,"$48,042.00","$63,036.00","$45,556.00","$31,588.00","$25,185.00",13.90%,15.60%,23.70%,12.90%
Epes,15.53%,83.98%,0.49%,,,,,,"$25,625.00","$38,125.00","$25,833.00","$14,583.00","$10,404.00",22.20%,25.00%,31.60%,15.00%
Equality,,,,,,,,,,,,,,,,,
Ethelsville,74.10%,25.90%,,,,,,,"$29,375.00","$43,125.00","$24,063.00","$31,500.00","$15,341.00",33.30%,33.90%,22.20%,28.60%
Eufaula,51.00%,44.60%,0.50%,0.60%,0.20%,2.20%,0.90%,4.30%,"$34,025.00","$44,234.00","$37,985.00","$23,890.00","$17,515.00",18.00%,23.20%,32.80%,20.70%
Eunola,89.56%,8.79%,0.55%,,,,1.10%,0.55%,"$26,250.00","$32,188.00","$25,000.00","$16,250.00","$15,120.00",10.20%,14.60%,16.00%,15.80%
Eutaw,18.10%,80.20%,0.10%,0.40%,,,0.60%,1.30%,"$29,196.00","$39,722.00","$43,125.00","$28,077.00","$14,126.00",27.40%,28.70%,38.70%,17.00%
Eva,98.37%,,0.20%,,,,1.43%,0.41%,"$38,958.00","$45,781.00","$32,159.00","$21,875.00","$19,069.00",7.20%,6.70%,3.20%,13.20%
Evergreen,46.23%,52.78%,0.19%,0.19%,0.03%,0.08%,0.50%,0.83%,"$20,979.00","$29,258.00","$25,357.00","$21,356.00","$13,828.00",27.60%,34.20%,50.60%,28.00%
Excel,91.10%,5.00%,1.40%,,,0.10%,2.40%,0.70%,"$34,667.00","$39,167.00","$40,000.00","$36,250.00","$17,863.00",10.70%,12.50%,20.00%,13.60%
Fairfield,4.20%,94.60%,0.00%,0.00%,0.00%,0.70%,0.40%,1.10%,"$34,242.00","$41,841.00","$34,854.00","$29,788.00","$18,221.00",22.20%,24.20%,40.50%,21.70%
Fairford,,,,,,,,,,,,,,,,,
Fairhope,91.10%,6.20%,0.20%,0.70%,0.00%,0.90%,0.80%,2.80%,"$56,157.00","$73,549.00","$60,591.00","$36,218.00","$35,086.00",5.00%,5.90%,9.80%,4.60%
Fairview,86.59%,,0.77%,0.19%,,7.28%,5.17%,16.28%,"$31,875.00","$37,500.00","$21,944.00","$21,042.00","$13,817.00",13.00%,14.80%,26.00%,11.60%
Falkville,92.10%,3.40%,1.10%,,,1.30%,1.80%,2.20%,"$36,848.00","$44,150.00","$35,450.00","$21,635.00","$16,850.00",7.90%,11.50%,15.10%,24.80%
Faunsdale,42.98%,57.02%,,,,,,4.60%,"$28,750.00","$50,417.00","$30,833.00","$19,500.00","$14,697.00",0.00%,3.20%,0.00%,0.00%
Fayette,73.40%,24.30%,0.30%,0.30%,,0.60%,1.20%,1.40%,"$31,705.00","$41,905.00","$34,271.00","$27,500.00","$16,602.00",15.40%,20.40%,23.20%,15.90%
Fayetteville,,,,,,,,,,,,,,,,,
Fitzpatrick,,,,,,,,,,,,,,,,,
Five Points,47.26%,52.05%,,,,,0.68%,,"$38,125.00","$41,750.00","$21,250.00","$20,000.00","$12,764.00",8.90%,13.90%,26.30%,6.10%
Flat Rock,94.90%,,,,,,3.30%,1.20%,,,,,"$16,748.00",,13.20%,,
Flomaton,69.50%,27.20%,1.60%,,,,1.32%,2.30%,"$25,875.00","$34,141.00","$30,083.00","$15,292.00","$14,360.00",16.50%,21.80%,31.00%,18.50%
Florala,80.10%,15.80%,0.80%,0.40%,,0.70%,2.30%,2.80%,"$30,833.00","$36,435.00","$24,000.00","$20,100.00","$16,344.00",15.70%,20.20%,28.50%,15.40%
Florence,75.00%,19.40%,0.40%,1.40%,0.10%,,1.90%,3.60%,"$28,330.00","$40,577.00","$34,398.00","$21,385.00","$19,464.00",14.40%,20.40%,25.90%,13.30%
Foley,77.10%,14.90%,0.60%,1.10%,0.10%,4.70%,1.60%,9.50%,"$41,221.00","$50,854.00","$36,959.00","$26,855.00","$22,967.00",15.40%,19.20%,35.90%,5.70%
Forestdale,26.20%,71.40%,0.20%,0.20%,,0.90%,1.00%,1.40%,"$52,605.00","$60,067.00","$42,207.00","$36,417.00","$23,819.00",6.40%,8.70%,12.60%,1.80%
Forkland,10.65%,89.19%,,,,,0.16%,,"$18,698.00","$22,115.00","$24,375.00","$16,544.00","$9,314.00",29.50%,31.50%,38.20%,31.00%
Fort Deposit,23.70%,75.50%,,,,,0.60%,0.40%,"$30,000.00","$31,591.00","$41,579.00","$25,341.00","$14,411.00",19.40%,22.20%,43.60%,25.40%
Fort McClellan,,,,,,,,,,,,,,,,,
Fort Mitchell,,,,,,,,,,,,,,,,,
Fort Morgan,,,,,,,,,,,,,,,,,
Fort Payne,72.00%,4.20%,0.90%,0.80%,0.20%,0.10%,2.50%,20.90%,"$33,560.00","$40,200.00","$29,731.00","$20,135.00","$19,690.00",8.30%,12.30%,15.00%,17.60%
Fort Rucker,68.50%,18.10%,0.90%,2.10%,0.70%,5.30%,4.40%,$11.70,"$34,603.00","$33,664.00","$29,321.00","$18,750.00","$14,495.00",6.10%,7.10%,9.30%,16.70%
Franklin,43.62%,56.38%,,,,,,0.67%,"$45,923.00","$53,111.00","$43,840.00","$40,744.00","$45,495.00",,4.90%,,9.70%
Franklin,,,,,,,,,,,,,,,,,
Fredonia,,,,,,,,,,,,,,,,,
Frisco City,45.40%,49.30%,1.30%,0.00%,,0.80%,2.80%,1.80%,"$23,884.00","$28,512.00","$32,917.00","$19,327.00","$12,181.00",34.60%,38.30%,60.70%,19.20%
Fruitdale,,,,,,,,,,,,,,,,,
Fruithurst,99.63%,0.37%,,,,,,0.74%,"$27,813.00","$31,667.00","$22,188.00","$16,250.00","$18,130.00",17.00%,17.90%,19.50%,2.60%
Fulton,82.14%,17.86%,,,,,,,"$23,750.00","$33,500.00","$29,107.00","$15,417.00","$12,602.00",11.80%,17.80%,22.90%,16.70%
Fultondale,75.10%,16.60%,0.40%,1.00%,,4.60%,2.00%,10.80%,"$44,880.00","$55,565.00","$43,109.00","$35,051.00","$24,903.00",8.10%,11.30%,20.30%,9.10%
Fyffe,93.70%,0.30%,1.50%,0.70%,,1.10%,2.50%,1.30%,"$30,298.00","$31,908.00","$30,385.00","$18,636.00","$13,713.00",13.70%,21.60%,33.60%,19.90%
Gadsden,57.30%,36.30%,0.40%,0.60%,0.40%,3.20%,1.90%,5.40%,"$28,386.00","$34,643.00","$33,827.00","$27,342.00","$18,610.00",20.20%,24.90%,38.90%,14.30%
Gainesville,16.30%,82.20%,,,,,1.40%,,"$10,938.00","$13,750.00","$25,625.00","$15,625.00","$16,176.00",60.40%,70.10%,82.60%,48.30%
Gallant,,,,,,,,,,,,,,,,,
Gallion,,,,,,,,,,,,,,,,,
Gantt,75.93%,21.99%,0.83%,,,0.41%,0.83%,0.83%,"$25,536.00","$40,250.00","$32,250.00","$18,750.00","$12,850.00",15.50%,19.20%,23.00%,15.40%
Garden City,99.29%,,,,,0.53%,0.18%,0.89%,"$28,000.00","$37,031.00","$25,583.00","$20,000.00","$13,793.00",7.40%,10.70%,7.80%,16.70%
Gardendale,88.40%,8.60%,0.30%,1.20%,0.00%,0.60%,1.00%,1.50%,"$60,244.00","$79,044.00","$52,782.00","$41,224.00","$30,748.00",1.90%,3.50%,3.20%,6.30%
Gaylesville,99.29%,0.00%,0.00%,0.00%,0.00%,0.00%,0.71%,0.00%,"$26,875.00","$33,750.00","$32,813.00","$20,313.00","$13,531.00",12.20%,13.00%,10.70%,10.50%
Geiger,24.70%,72.40%,,,,,,2.90%,"$17,917.00","$23,750.00","$30,625.00","$10,417.00","$8,585.00",33.00%,41.00%,60.00%,33.00%
Geneva,83.20%,14.00%,0.40%,0.40%,0.00%,0.50%,1.50%,1.80%,,,,,,,,,
Georgiana,33.10%,65.40%,0.30%,,,,0.80%,0.30%,"$18,694.00","$20,139.00","$30,625.00","$18,519.00","$11,181.00",39.40%,43.60%,54.10%,32.50%
Geraldine,92.50%,0.30%,3.70%,,,0.70%,1.80%,2.00%,"$24,028.00","$34,583.00","$27,083.00","$20,179.00","$18,330.00",12.10%,17.00%,17.40%,20.30%
Gilbertown,86.63%,10.70%,1.07%,,,,1.60%,,"$27,917.00","$44,167.00","$40,625.00","$21,250.00","$18,492.00",15.50%,23.10%,38.60%,19.40%
Glen Allen,83.03%,15.61%,,0.68%,,0.45%,0.23%,1.36%,"$26,827.00","$36,875.00","$24,531.00","$19,063.00","$17,877.00",12.60%,19.30%,21.50%,11.30%
Glencoe,96.50%,1.30%,0.30%,0.50%,0.00%,0.20%,1.10%,0.80%,"$53,279.00","$61,810.00","$53,295.00","$31,481.00","$24,531.00",3.50%,5.20%,6.70%,5.80%
Glenwood,69.11%,29.84%,,,,,1.05%,0.52%,"$28,750.00","$36,875.00","$31,250.00","$21,250.00","$19,074.00",7.40%,13.40%,21.20%,25.00%
Goldville,100.00%,,,,,,,,"$25,625.00","$35,000.00","$27,500.00","$21,875.00","$15,209.00",0.00%,13.60%,0.00%,100.00%
Good Hope,92.70%,0.30%,0.40%,0.50%,,5.20%,1.10%,7.70%,"$45,784.00","$48,080.00","$50,750.00","$27,865.00","$22,771.00",13.70%,19.30%,29.70%,21.40%
Goodwater,24.30%,73.70%,0.70%,0.00%,,0.70%,0.50%,0.70%,"$24,909.00","$31,081.00","$24,554.00","$24,348.00","$12,957.00",23.60%,28.20%,48.20%,18.30%
Gordo,58.90%,37.80%,0.20%,0.20%,,0.90%,2.00%,1.50%,"$23,813.00","$35,714.00","$27,500.00","$21,029.00","$13,937.00",17.50%,23.10%,32.40%,19.30%
Gordon,23.04%,74.02%,0.74%,0.25%,,0.25%,1.72%,1.47%,"$16,917.00","$17,708.00","$25,625.00","$15,536.00","$6,795.00",30.30%,39.90%,48.90%,19.40%
Gordonville,3.77%,95.91%,,,0.31%,,,1.26%,"$10,278.00","$21,250.00","$25,375.00","$22,292.00","$8,948.00",37.80%,42.50%,38.00%,69.10%
Gorham%27s Bluff,,,,,,,,,,,,,,,,,
Goshen,67.67%,29.33%,3.00%,,,,,,"$24,219.00","$28,393.00","$22,969.00","$15,000.00","$13,664.00",17.20%,23.70%,39.00%,15.90%
Grady,,,,,,,,,,,,,,,,,
Graham,,,,,,,,,,,,,,,,,
Grand Bay,86.90%,9.40%,0.60%,0.70%,0.00%,0.70%,1.70%,2.30%,"$47,722.00","$52,353.00","$42,057.00","$27,277.00","$21,141.00",9.80%,13.80%,23.00%,3.10%
Grant,96.54%,0.60%,1.05%,0.15%,,0.15%,1.50%,0.30%,"$37,188.00","$45,417.00","$35,795.00","$29,750.00","$20,014.00",6.00%,8.40%,9.80%,11.50%
Grayson Valley,70.60%,25.80%,0.30%,0.90%,,0.00%,1.80%,2.20%,"$45,260.00","$54,503.00","$43,750.00","$34,481.00","$22,950.00",0.00%,2.00%,0.00%,7.50%
Graysville,73.90%,23.60%,0.40%,0.20%,,0.40%,1.40%,1.70%,"$35,750.00","$44,926.00","$37,156.00","$30,917.00","$16,308.00",15.90%,20.10%,21.50%,13.00%
Green Pond,,,,,,,,,,,,,,,,,
Greenhill,,,,,,,,,,,,,,,,,
Greensboro,32.00%,66.50%,0.20%,,,,0.60%,0.50%,"$30,082.00","$36,379.00","$28,869.00","$22,528.00","$16,277.00",19.00%,23.80%,34.90%,23.70%
Greenville,41.70%,55.50%,0.00%,1.80%,,0.50%,0.50%,1.30%,"$26,664.00","$31,107.00","$33,716.00","$24,928.00","$15,649.00",20.30%,24.90%,30.10%,20.90%
Grimes,60.78%,36.38%,0.22%,0.22%,,0.22%,2.18%,0.65%,"$28,839.00","$31,389.00","$26,346.00","$19,063.00","$14,884.00",5.60%,9.60%,13.60%,18.20%
Grove Hill,56.60%,41.30%,0.30%,,,0.50%,1.00%,2.00%,,,,,,,,,
Grove Oak,,,,,,,,,,,,,,,,,
Gu-Win,100.00%,,,,,,,2.94%,"$29,375.00","$42,500.00","$39,375.00","$18,906.00","$16,868.00",11.30%,9.90%,5.30%,6.80%
Guin,86.90%,10.90%,0.00%,0.10%,,0.60%,1.40%,1.30%,"$28,571.00","$41,375.00","$30,670.00","$27,788.00","$20,359.00",17.90%,20.60%,26.90%,19.20%
Gulf Shores,97.54%,0.22%,0.44%,0.30%,0.04%,0.40%,1.07%,1.23%,"$41,826.00","$51,862.00","$40,259.00","$22,467.00","$24,356.00",6.80%,9.90%,6.40%,6.50%
Gulfcrest,,,,,,,,,,,,,,,,,
Gum Springs,,,,,,,,,,,,,,,,,
Guntersville,85.80%,7.80%,0.50%,1.50%,0.00%,2.50%,1.90%,3.80%,"$38,094.00","$57,610.00","$39,063.00","$31,410.00","$23,468.00",16.90%,20.50%,34.90%,19.10%
Gurley,81.85%,15.41%,0.46%,0.34%,,0.57%,1.37%,2.05%,"$23,831.00","$26,875.00","$31,146.00","$20,000.00","$13,271.00",23.40%,21.40%,28.30%,31.10%
Hackleburg,97.70%,0.10%,0.20%,,,1.00%,1.10%,1.30%,"$29,350.00","$34,375.00","$27,426.00","$24,625.00","$16,584.00",27.40%,31.10%,51.30%,18.50%
Hackneyville,,,,,,,,,,,,,,,,,
Haleburg,77.78%,18.52%,,,,,3.70%,0.93%,"$25,500.00","$28,750.00","$30,417.00","$21,250.00","$11,657.00",14.30%,23.30%,35.70%,18.50%
Haleyville,92.10%,0.70%,1.00%,0.50%,,3.40%,2.00%,6.00%,"$23,191.00","$35,463.00","$35,292.00","$20,789.00","$15,636.00",29.80%,37.50%,61.60%,21.40%
Hamilton,89.30%,7.70%,0.40%,0.20%,0.00%,1.20%,1.10%,3.10%,"$31,297.00","$42,361.00","$31,112.00","$30,542.00","$17,442.00",12.10%,19.20%,30.10%,15.50%
Hammondville,88.30%,0.80%,0.20%,0.60%,,5.10%,3.30%,6.80%,"$33,056.00","$34,500.00","$33,542.00","$17,045.00","$20,582.00",8.00%,10.70%,14.20%,20.00%
Hanceville,92.40%,3.60%,0.20%,0.70%,0.00%,1.40%,1.60%,2.40%,"$30,903.00","$45,560.00","$34,338.00","$35,417.00","$16,078.00",14.50%,24.20%,28.10%,9.80%
Harpersville,73.10%,23.50%,0.30%,0.70%,,1.00%,1.30%,2.60%,"$37,768.00","$42,065.00","$43,301.00","$32,434.00","$20,170.00",23.90%,28.40%,55.30%,23.40%
Hartford,77.90%,17.90%,0.60%,,,1.80%,1.80%,3.10%,"$26,086.00","$36,900.00","$31,505.00","$17,369.00","$16,507.00",14.90%,21.10%,16.00%,20.60%
Hartselle,91.50%,4.30%,0.80%,0.40%,0.00%,1.30%,1.70%,2.50%,"$47,306.00","$57,585.00","$47,343.00","$28,855.00","$21,746.00",9.40%,11.70%,12.80%,14.90%
Harvest,62.20%,31.70%,0.50%,1.20%,,1.10%,3.20%,3.10%,"$67,468.00","$70,536.00","$48,995.00","$35,978.00","$28,619.00",1.20%,3.70%,4.00%,2.70%
Hatchechubbee,,,,,,,,,,,,,,,,,
Hatton,,,,,,,,,,,,,,,,,
Hayden,91.91%,6.60%,0.64%,0.43%,,,0.43%,0.21%,"$31,484.00","$36,667.00","$30,667.00","$17,375.00","$14,435.00",10.70%,11.00%,6.90%,20.30%
Hayneville,13.42%,85.47%,,0.17%,,,0.93%,0.34%,"$19,554.00","$22,788.00","$22,396.00","$20,417.00","$9,556.00",35.20%,35.80%,42.30%,28.10%
Hazel Green,88.90%,5.90%,1.50%,0.40%,0.10%,0.70%,2.40%,2.30%,"$48,822.00","$60,588.00","$42,981.00","$30,990.00","$23,693.00",10.80%,13.60%,16.40%,7.40%
Headland,70.10%,27.50%,0.40%,0.30%,,0.60%,1.20%,1.40%,"$45,813.00","$50,120.00","$37,025.00","$30,734.00","$20,304.00",13.60%,12.10%,8.70%,20.70%
Heath,88.35%,9.24%,0.40%,,,2.01%,,3.21%,"$19,375.00","$35,833.00","$24,583.00","$15,893.00","$14,325.00",11.30%,17.10%,22.40%,20.80%
Heflin,87.30%,9.40%,0.50%,0.10%,,1.00%,1.60%,2.40%,"$29,821.00","$37,050.00","$41,932.00","$25,714.00","$16,909.00",15.60%,22.00%,29.50%,15.90%
Helena,82.50%,13.10%,0.20%,0.65%,1.10%,0.35%,0.52%,3.30%,"$62,908.00","$66,250.00","$45,291.00","$32,431.00","$26,323.00",1.40%,2.20%,4.20%,0.00%
Henagar,96.20%,,1.80%,0.00%,0.00%,0.30%,1.60%,1.40%,"$32,130.00","$39,432.00","$40,227.00","$24,122.00","$21,701.00",17.90%,19.80%,32.50%,13.60%
Higdon,95.50%,0.20%,,,,,2.10%,0.90%,,,,,"$14,341.00",,7.10%,,
Highland Home,,,,,,,,,,,,,,,,,
Highland Lake,97.30%,0.25%,1.23%,0.74%,,,0.49%,0.74%,"$43,229.00","$48,750.00","$34,750.00","$28,333.00","$25,829.00",0.00%,3.50%,0.00%,5.40%
Highland Lakes,,,,,,,,,,,,,,,,,
Hillsboro,14.64%,82.24%,1.81%,,,0.16%,1.15%,0.99%,"$40,714.00","$52,000.00","$26,979.00","$22,083.00","$14,457.00",3.90%,7.40%,5.90%,22.90%
Hissop,,,,,,,,,,,,,,,,,
Hobson City,6.15%,92.71%,,,,0.23%,0.91%,0.57%,"$17,589.00","$20,368.00","$21,667.00","$19,583.00","$8,992.00",30.70%,30.20%,42.70%,15.50%
Hobson,,,,,,,,,,,,,,,,,
Hodges,100.00%,,,,,,,,"$33,750.00","$38,333.00","$35,625.00","$17,500.00","$25,239.00",14.00%,13.40%,12.30%,18.20%
Hokes Bluff,98.50%,0.30%,0.10%,0.40%,,0.10%,0.50%,0.20%,"$54,668.00","$67,857.00","$47,424.00","$34,288.00","$26,375.00",1.60%,4.10%,10.30%,1.90%
Hollins,,,,,,,,,,,,,,,,,
Hollis Crossroads,,,,,,,,,,,,,,,,,
Holly Pond,97.67%,,0.47%,0.16%,,1.40%,0.31%,3.41%,"$28,182.00","$31,875.00","$27,708.00","$19,432.00","$13,466.00",12.20%,19.50%,26.90%,29.80%
Hollywood,80.63%,16.32%,0.32%,,,0.11%,2.63%,0.42%,"$27,500.00","$34,306.00","$26,667.00","$21,563.00","$16,498.00",6.80%,11.20%,9.90%,10.60%
Holt,39.40%,55.20%,0.40%,0.20%,,3.20%,1.60%,7.20%,"$28,750.00","$32,731.00","$23,517.00","$21,186.00","$13,964.00",24.70%,31.90%,56.70%,19.00%
Holtville,,,,,,,,,,,,,,,,,
Holy Trinity,,,,,,,,,,,,,,,,,
Homewood,69.70%,17.30%,0.20%,2.20%,0.00%,5.00%,1.40%,7.30%,"$57,215.00","$78,252.00","$50,163.00","$41,023.00","$30,601.00",5.10%,10.10%,6.90%,5.60%
Hoods Crossroads,,,,,,,,,,,,,,,,,
Hoover,75.10%,14.80%,0.20%,5.10%,0.00%,3.20%,1.50%,6.00%,"$72,960.00","$94,066.00","$65,023.00","$44,525.00","$39,141.00",3.40%,5.60%,6.60%,3.50%
Hope Hull,,,,,,,,,,,,,,,,,
Horn Hill,97.02%,1.70%,1.28%,,,,,0.43%,"$25,313.00","$36,667.00","$26,964.00","$17,031.00","$12,898.00",21.00%,22.40%,23.60%,31.80%
Houston,,,,,,,,,,,,,,,,,
Hueytown,70.00%,27.20%,0.30%,0.50%,,1.10%,1.00%,2.00%,"$41,225.00","$49,380.00","$36,087.00","$26,025.00","$19,735.00",5.30%,6.80%,5.20%,9.20%
Huguley,73.00%,25.00%,0.60%,0.20%,,0.40%,0.70%,1.20%,"$32,697.00","$46,813.00","$33,938.00","$35,461.00","$17,886.00",9.90%,10.70%,9.90%,13.30%
Hulaco,,,,,,,,,,,,,,,,,
Huntsville,60.30%,31.20%,0.60%,2.40%,0.10%,2.90%,2.50%,5.80%,"$41,074.00","$52,202.00","$40,003.00","$26,085.00","$24,015.00",,12.80%,18.70%,9.00%
Hurtsboro,29.39%,70.27%,,,,,0.34%,0.17%,"$16,691.00","$25,000.00","$26,979.00","$19,821.00","$16,908.00",28.40%,32.80%,46.30%,28.50%
Hytop,96.19%,,1.27%,,,,2.54%,0.32%,"$34,306.00","$34,821.00","$29,107.00","$19,286.00","$15,093.00",0.00%,0.00%,0.00%,0.00%
Ider,93.20%,0.60%,4.00%,,,0.10%,2.10%,0.10%,"$27,563.00","$36,146.00","$30,139.00","$21,875.00","$15,040.00",13.60%,19.70%,18.50%,18.60%
Indian Springs Village,95.70%,1.50%,0.20%,1.90%,0.00%,,0.60%,0.90%,"$95,921.00","$100,600.00","$71,917.00","$47,454.00","$58,467.00",3.10%,2.10%,0.00%,6.20%
"Inverness, Bullock County",,,,,,,,,,,,,,,,,
"Inverness, Shelby County",,,,,,,,,,,,,,,,,
Irondale,56.33%,35.38%,,1.43%,,,,7.78%,,,,,,,,,
Irvington,,,,,,,,,,,,,,,,,
Ivalee,,,,,,,,,,,,,,,,,
Jack,,,,,,,,,,,,,,,,,
Jackson,54.90%,42.90%,0.70%,0.40%,,0.30%,0.80%,1.40%,"$32,917.00","$46,328.00","$54,688.00","$29,483.00","$21,822.00",21.90%,29.00%,37.40%,18.30%
Jackson%27s Gap,69.65%,29.04%,0.39%,0.26%,,,0.66%,0.39%,"$23,027.00","$28,335.00","$23,679.00","$18,185.00","$14,712.00",15.90%,25.60%,28.80%,33.30%
Jacksonville,68.70%,26.80%,0.50%,1.30%,0.20%,0.60%,1.90%,2.30%,"$33,987.00","$50,863.00","$35,615.00","$26,975.00","$17,063.00",17.60%,28.40%,29.10%,11.60%
Jasper,81.30%,13.40%,0.30%,0.70%,0.20%,,,,"$33,044.00","$43,674.00","$35,182.00","$22,868.00","$19,491.00",10.20%,13.80%,18.30%,13.20%
Java,,,,,,,,,,,,,,,,,
Jemison,77.80%,17.70%,0.10%,0.10%,,3.10%,1.00%,7.00%,"$40,735.00","$49,091.00","$45,082.00","$31,588.00","$17,300.00",12.80%,15.80%,23.40%,6.30%
Joppa,,,,,,,,,,,,,,,,,
Kansas,99.23%,,,0.38%,,,0.38%,,"$23,021.00","$24,167.00","$25,000.00","$21,750.00","$13,416.00",16.30%,16.40%,21.20%,21.60%
Kellerman,,,,,,,,,,,,,,,,,
Kellyton,,,,,,,,,,,,,,,,,
Kennedy,85.40%,13.68%,0.55%,,,,0.37%,0.18%,"$24,750.00","$30,909.00","$30,278.00","$19,250.00","$12,447.00",14.30%,16.00%,23.30%,17.40%
Kent,,,,,,,,,,,,,,,,,
Killen,94.00%,3.20%,,0.50%,,1.20%,1.00%,2.40%,"$48,039.00","$63,182.00","$46,563.00","$34,038.00","$24,209.00",6.30%,10.20%,12.50%,11.90%
Kimberly,96.20%,1.80%,0.40%,0.60%,,0.30%,0.70%,0.80%,"$46,343.00","$52,109.00","$36,977.00","$29,150.00","$17,055.00",6.70%,7.70%,9.60%,15.80%
Kimbrough,,,,,,,,,,,,,,,,,
Kinsey,49.90%,46.00%,,0.10%,0.00%,2.10%,1.50%,4.00%,"$33,516.00","$34,643.00","$29,429.00","$22,339.00","$17,145.00",20.30%,23.30%,40.20%,10.70%
Kinston,93.52%,0.17%,1.16%,0.17%,,,4.98%,0.33%,"$30,875.00","$36,250.00","$24,750.00","$16,838.00","$14,738.00",10.10%,17.60%,21.50%,22.90%
Knoxville,,,,,,,,,,,,,,,,,
Lacey%27s Spring,,,,,,,,,,,,,,,,,
Lacon,,,,,,,,,,,,,,,,,
Ladonia,86.50%,9.80%,0.70%,0.30%,,1.20%,1.50%,2.70%,"$36,333.00","$34,889.00","$42,667.00","$27,075.00","$15,479.00",19.20%,23.50%,19.20%,14.60%
LaFayette,29.30%,68.80%,0.10%,0.40%,,0.80%,0.70%,1.90%,"$26,319.00","$31,629.00","$31,842.00","$27,833.00","$12,149.00",28.50%,36.20%,43.20%,22.90%
Lake View,93.90%,4.20%,0.10%,0.70%,,,0.90%,0.60%,"$77,750.00","$81,250.00","$53,646.00","$37,109.00","$28,334.00",0.00%,2.40%,0.00%,0.00%
Lakeview,95.09%,,3.68%,,,,1.23%,,"$36,250.00","$41,875.00","$30,250.00","$13,500.00","$35,714.00",5.90%,11.10%,16.70%,8.30%
Lanett,39.30%,57.50%,0.20%,0.10%,,1.40%,1.50%,2.40%,"$25,220.00","$27,487.00","$32,386.00","$24,794.00","$14,178.00",22.70%,28.70%,48.00%,16.80%
Langston,94.09%,3.15%,2.76%,,,,,,"$33,333.00","$42,344.00","$26,750.00","$29,375.00","$16,266.00",2.70%,6.70%,0.00%,13.90%
Le Moyne,,,,,,,,,,,,,,,,,
Leeds,78.70%,14.30%,0.40%,0.60%,0.10%,,2.00%,6.60%,"$44,149.00",,,,"$22,716.00",,14.60%,,
Leesburg,96.50%,,0.00%,0.00%,,0.50%,1.90%,1.30%,"$36,806.00","$45,714.00","$32,075.00","$26,793.00","$18,392.00",12.50%,15.60%,18.20%,12.20%
Leighton,44.41%,55.12%,0.47%,,,,,0.94%,"$20,500.00","$28,036.00","$27,625.00","$18,393.00","$12,680.00",22.70%,26.50%,34.50%,25.40%
Lenox,,,,,,,,,,,,,,,,,
Leroy,,,,,,,,,,,,,,,,,
Lester,100.00%,,,,,,,,"$37,083.00","$44,688.00","$31,250.00","$14,643.00","$16,073.00",0.00%,7.00%,0.00%,22.20%
Letohatchee,,,,,,,,,,,,,,,,,
Level Plains,90.86%,9.42%,1.00%,0.56%,,1.36%,2.91%,3.04%,"$38,269.00","$44,432.00","$33,182.00","$20,313.00","$17,423.00",8.90%,9.20%,8.10%,16.70%
Lexington,99.29%,,0.24%,,,,0.48%,0.36%,"$31,736.00","$38,500.00","$35,083.00","$17,422.00","$15,184.00",5.90%,9.80%,5.50%,18.70%
Libertyville,91.51%,,,3.77%,,,4.72%,0.94%,"$19,750.00","$37,500.00","$17,917.00","$19,250.00","$26,427.00",16.70%,20.70%,28.60%,28.60%
Lillian,,,,,,,,,,,,,,,,,
Lincoln,73.30%,23.40%,0.50%,0.40%,,1.00%,1.40%,1.90%,"$36,919.00","$42,139.00","$36,991.00","$21,804.00","$19,123.00",11.10%,14.30%,22.40%,16.70%
Linden,51.10%,46.70%,0.10%,0.20%,,,0.90%,2.00%,"$20,145.00","$35,714.00","$30,833.00","$25,000.00","$14,701.00",31.10%,31.80%,41.10%,8.70%
Lineville,58.60%,36.90%,0.30%,0.20%,0.00%,1.50%,2.60%,4.60%,"$22,778.00","$35,179.00","$31,639.00","$26,964.00","$16,952.00",30.10%,28.20%,36.60%,6.70%
Lipscomb,22.00%,61.00%,1.10%,0.00%,0.00%,15.00%,0.90%,19.70%,"$27,600.00","$45,000.00","$32,261.00","$19,965.00","$16,892.00",13.50%,15.10%,19.90%,22.40%
Lisman,7.20%,91.42%,,,,,1.38%,0.15%,"$20,333.00","$22,750.00","$31,719.00","$14,375.00","$11,295.00",36.40%,36.70%,40.70%,37.90%
Littleville,98.57%,,0.51%,,,,0.92%,0.82%,"$32,583.00","$35,913.00","$31,852.00","$21,250.00","$14,372.00",11.10%,13.10%,14.20%,16.10%
Livingston,34.40%,63.80%,0.10%,0.30%,0.10%,,0.60%,0.70%,"$13,516.00","$22,500.00","$31,838.00","$20,833.00","$11,640.00",39.40%,46.10%,53.40%,26.00%
Loachapoka,38.18%,61.21%,,0.61%,,,,0.61%,"$30,938.00","$33,571.00","$28,750.00","$28,500.00","$14,477.00",9.50%,16.30%,18.50%,20.00%
Lockhart,74.82%,23.91%,0.36%,,0.36%,,0.55%,2.19%,"$23,281.00","$29,688.00","$20,625.00","$18,750.00","$14,338.00",17.50%,25.50%,32.40%,22.50%
Locust Fork,97.00%,,0.80%,,,1.00%,0.60%,2.40%,"$55,313.00","$59,167.00","$41,776.00","$40,114.00","$21,356.00",9.20%,11.40%,20.30%,14.10%
Lookout Mountain,,,,,,,,,,,,,,,,,
Louisville,52.94%,40.69%,0.65%,,,5.23%,0.49%,6.37%,"$20,859.00","$27,014.00","$27,500.00","$24,583.00","$13,151.00",22.40%,28.00%,22.00%,34.80%
Lower Peach Tree,,,,,,,,,,,,,,,,,
Lowndesboro,71.43%,25.00%,,,,1.43%,2.14%,3.57%,"$27,917.00","$35,833.00","$23,750.00","$41,250.00","$17,101.00",16.00%,29.70%,39.40%,38.60%
Loxley,84.40%,9.40%,0.70%,0.60%,,3.40%,1.50%,5.10%,"$32,803.00","$36,042.00","$36,563.00","$27,566.00","$19,796.00",16.70%,20.80%,34.60%,13.10%
Luverne,62.60%,29.60%,0.30%,5.50%,0.30%,0.80%,1.00%,1.90%,"$40,602.00","$51,500.00","$43,464.00","$19,483.00","$18,869.00",12.60%,15.80%,11.80%,20.60%
Lynn,98.32%,0.17%,0.17%,0.17%,0.17%,,1.01%,,"$26,125.00","$32,955.00","$30,357.00","$24,375.00","$18,932.00",13.20%,21.50%,28.50%,26.50%
Macedonia,6.53%,91.75%,0.69%,,,,1.03%,,"$23,958.00","$29,688.00","$26,042.00","$16,875.00","$9,456.00",30.60%,33.30%,40.20%,58.80%
Madison,74.00%,14.60%,0.50%,7.00%,0.10%,1.30%,2.60%,4.60%,"$92,136.00","$111,217.00",,,"$41,490.00",3.90%,4.90%,5.90%,3.40%
Madrid,82.84%,16.17%,,0.33%,,,0.66%,,"$14,943.00","$21,563.00","$25,000.00","$16,563.00","$10,409.00",18.10%,30.90%,31.60%,51.50%
Magnolia Springs,,,,,,,,,,,,,,,,,
Majestic,,,,,,,,,,,,,,,,,
Malcolm,,,,,,,,,,,,,,,,,
Malvern,91.20%,4.80%,0.70%,0.10%,,1.70%,1.50%,4.80%,"$42,930.00","$41,793.00","$40,875.00","$35,486.00","$21,417.00",9.60%,11.10%,13.80%,6.90%
Maplesville,69.94%,29.61%,0.45%,,,,,0.89%,"$27,500.00","$36,250.00","$31,042.00","$22,361.00","$12,777.00",12.60%,20.10%,26.70%,16.00%
Marbury,,,,,,,,,,,,,,,,,
Margaret,77.30%,19.30%,,0.80%,,0.80%,1.50%,,"$52,111.00","$52,463.00","$41,941.00","$34,242.00","$19,984.00",3.30%,6.20%,1.60%,14.00%
Marion Junction,,,,,,,,,,,,,,,,,
Marion,32.90%,63.90%,0.26%,0.09%,0.09%,0.26%,0.60%,1.90%,"$24,142.00","$29,663.00","$27,422.00","$20,240.00","$11,934.00",28.40%,33.40%,51.30%,15.10%
Marvyn,,,,,,,,,,,,,,,,,
Masseyline,,,,,,,,,,,,,,,,,
Maytown,79.31%,19.08%,0.69%,0.23%,,,0.69%,,"$42,083.00","$44,038.00","$31,250.00","$22,250.00","$15,125.00",7.90%,10.00%,15.10%,12.70%
McCalla,,,,,,,,,,,,,,,,,
McDonald Chapel,66.60%,29.60%,0.09%,2.66%,,0.38%,0.66%,0.57%,"$26,188.00","$31,875.00","$30,238.00","$22,917.00","$13,411.00",6.80%,10.30%,33.80%,0.00%
McIntosh,1.33%,43.03%,55.23%,,,,0.41%,0.41%,"$28,214.00","$39,167.00","$31,429.00","$22,750.00","$14,023.00",10.00%,13.50%,22.20%,9.10%
McKenzie,76.09%,22.52%,0.47%,0.16%,,,0.78%,0.31%,"$18,173.00","$24,423.00","$23,077.00","$16,071.00","$10,359.00",21.10%,27.50%,34.30%,33.30%
McMullen,10.00%,60.00%,,,,30.00%,,30.00%,"$30,000.00","$33,500.00","$21,250.00","$16,250.00","$10,458.00",8.30%,13.40%,10.00%,4.30%
Meadowbrook,92.80%,3.90%,0.10%,2.10%,,0.30%,0.80%,1.60%,"$98,862.00","$103,602.00","$83,039.00","$52,460.00","$40,393.00",1.30%,1.40%,1.20%,0.00%
Megargel,,,,,,,,,,,,,,,,,
Mellow Valley,,,,,,,,,,,,,,,,,
Memphis,,100.00%,,,,,,,,,,,,,,,
Mentone,95.34%,1.11%,0.67%,,,,2.88%,0.22%,"$24,625.00","$28,750.00","$27,411.00","$17,656.00","$13,561.00",13.50%,12.20%,10.00%,14.00%
Meridianville,76.30%,18.50%,0.70%,1.70%,0.20%,0.70%,2.00%,2.70%,"$68,864.00","$76,449.00","$55,956.00","$36,100.00","$26,834.00",2.40%,5.80%,5.80%,6.40%
Midfield,16.40%,81.60%,0.10%,0.20%,0.00%,0.70%,0.90%,1.40%,"$37,138.00","$46,444.00","$39,420.00","$28,648.00","$16,496.00",15.60%,15.90%,21.90%,12.10%
Midland City,70.40%,23.30%,0.50%,0.40%,,1.70%,3.70%,4.10%,"$29,591.00","$39,071.00","$33,305.00","$23,897.00","$16,283.00",26.70%,27.00%,36.90%,11.00%
Midway,11.16%,88.84%,,,,,,0.22%,"$12,143.00","$19,063.00","$25,938.00","$18,750.00","$9,036.00",38.10%,42.50%,52.40%,45.00%
Mignon,64.90%,27.10%,0.10%,0.50%,,,2.30%,6.90%,"$30,682.00","$35,302.00","$36,075.00","$13,750.00","$15,782.00",18.30%,22.40%,25.80%,20.60%
Millbrook,74.20%,21.60%,0.40%,0.80%,0.05%,1.00%,2.00%,2.80%,"$43,838.00","$47,004.00","$34,893.00","$23,998.00","$17,189.00",7.40%,8.90%,13.30%,5.70%
Millers Ferry,,,,,,,,,,,,,,,,,
Millerville,,,,,,,,,,,,,,,,,
Millport,64.70%,33.70%,0.10%,,,,1.30%,,"$23,722.00","$24,597.00","$34,125.00","$22,153.00","$15,309.00",18.50%,21.80%,31.70%,7.50%
Millry,63.41%,35.45%,0.81%,,,,0.33%,0.65%,"$24,886.00","$32,500.00","$36,667.00","$17,917.00","$14,782.00",17.70%,21.20%,21.10%,29.20%
Minor,77.60%,20.90%,0.30%,0.00%,,,0.50%,1.50%,"$49,583.00","$57,955.00","$38,438.00","$27,011.00","$24,406.00",16.00%,18.30%,18.30%,0.00%
Mobile,45.00%,50.60%,0.30%,1.80%,0.00%,0.90%,1.40%,2.40%,"$37,056.00",,,,"$22,401.00",,,,
Mon Louis,,,,,,,,,,,,,,,,,
Monroeville,55.70%,42.10%,0.30%,0.30%,,0.30%,1.20%,0.80%,"$31,593.00","$49,548.00","$41,324.00","$31,033.00","$20,553.00",23.30%,27.70%,37.30%,19.00%
Montevallo,70.20%,24.60%,0.30%,0.60%,0.00%,2.50%,1.80%,5.70%,"$40,417.00","$75,500.00","$53,125.00","$31,361.00","$19,741.00",11.80%,20.90%,23.60%,7.50%
Montgomery,37.30%,56.60%,0.20%,2.20%,0.10%,2.20%,1.30%,3.90%,"$41,380.00","$53,125.00","$40,255.00","$33,552.00","$23,139.00",18.20%,21.60%,34.80%,8.40%
Montrose,,,,,,,,,,,,,,,,,
Moody,94.09%,3.81%,0.42%,0.22%,,0.37%,1.08%,1.09%,"$39,500.00","$43,767.00","$38,150.00","$26,089.00","$18,208.00",12.00%,12.60%,13.90%,12.20%
Moores Mill,70.90%,22.60%,1.10%,1.50%,0.10%,0.90%,2.80%,2.40%,"$67,449.00","$79,010.00","$47,981.00","$40,257.00","$30,155.00",6.80%,10.10%,13.60%,9.50%
Mooresville,88.14%,11.86%,,,,,,,"$54,167.00","$136,039.00","$51,667.00","$65,417.00","$51,694.00",0.00%,4.30%,,3.33%
Morgan City,,,,,,,,,,,,,,,,,
Morris,97.70%,1.00%,0.10%,0.30%,,0.50%,0.40%,1.10%,"$61,188.00","$68,333.00","$48,125.00","$38,611.00","$27,390.00",2.60%,3.40%,3.30%,2.50%
Morrison Crossroads,,,,,,,,,,,,,,,,,
Mosses,1.50%,97.90%,0.00%,0.00%,,,0.10%,1.80%,"$13,750.00","$16,319.00","$19,583.00","$25,833.00","$8,053.00",53.40%,55.40%,65.10%,51.10%
Moulton Heights,,,,,,,,,,,,,,,,,
Moulton,78.20%,13.10%,4.10%,0.40%,,0.20%,4.10%,1.60%,"$32,639.00","$49,243.00","$52,279.00","$30,000.00","$20,696.00",8.30%,15.80%,23.90%,15.20%
Moundville,56.20%,40.40%,0.70%,0.70%,,0.60%,1.40%,1.80%,"$43,083.00","$55,821.00","$50,893.00","$29,375.00","$17,574.00",14.50%,17.00%,13.00%,24.10%
Mount High,,,,,,,,,,,,,,,,,
Mount Hope,,,,,,,,,,,,,,,,,
Mount Meigs,,,,,,,,,,,,,,,,,
"Mount Olive, Coosa County",,,,,,,,,,,,,,,,,
"Mount Olive, Jefferson County",97.70%,1.00%,0.20%,0.30%,,,0.50%,0.50%,"$63,942.00","$81,477.00","$51,035.00","$34,426.00","$28,151.00",4.50%,6.20%,8.50%,0.00%
Mount Vernon,23.40%,73.60%,1.70%,,,0.10%,1.10%,0.70%,"$34,722.00","$46,111.00","$41,250.00","$23,625.00","$13,790.00",2.70%,26.50%,1.70%,18.90%
Mountain Brook,97.20%,1.00%,0.10%,0.90%,0.00%,0.20%,0.60%,1.00%,"$130,721.00","$164,750.00","$124,224.00","$54,420.00","$76,763.00",1.80%,3.70%,2.10%,2.50%
Mountain Creek,,,,,,,,,,,,,,,,,
Movico,,,,,,,,,,,,,,,,,
Mulga,85.10%,13.16%,0.62%,0.31%,,,0.82%,0.10%,"$36,500.00","$41,382.00","$31,438.00","$23,750.00","$16,622.00",8.60%,10.80%,13.50%,14.00%
Munford,82.40%,15.60%,0.50%,,,0.10%,1.30%,1.00%,"$46,875.00","$50,278.00","$28,558.00","$25,809.00","$20,964.00",24.50%,19.90%,32.80%,5.80%
Muscle Shoals,80.60%,15.30%,0.30%,0.90%,1.60%,1.30%,,2.70%,"$48,134.00","$60,875.00","$41,061.00","$37,576.00","$23,237.00",8.30%,10.60%,19.90%,4.80%
Myrtlewood,79.14%,20.86%,,,,,,0.72%,"$42,188.00","$50,114.00","$51,667.00","$31,250.00","$21,262.00",4.80%,7.30%,7.10%,13.00%
Nanafalia,57.40%,40.40%,,,,,2.10%,,,,,,,,,,
Nances Creek,,,,,,,,,,,,,,,,,
Napier Field,85.40%,11.39%,0.25%,,,0.74%,2.23%,2.72%,"$27,868.00","$45,179.00","$29,375.00","$19,583.00","$18,769.00",6.20%,11.80%,18.40%,12.30%
Natural Bridge,100.00%,,,,,,,,"$11,875.00","$10,625.00","$21,250.00","$13,750.00","$4,619.00",63.60%,62.20%,66.70%,71.40%
Nauvoo,98.24%,,,,,1.06%,0.70%,1.76%,"$22,274.00","$29,167.00","$24,375.00","$16,875.00","$11,066.00",20.70%,24.40%,35.10%,22.20%
Nectar,97.31%,,,,,1.88%,0.81%,2.69%,"$44,167.00","$49,250.00","$31,563.00","$24,583.00","$16,408.00",14.00%,11.50%,18.00%,13.20%
Needham,100.00%,,,,,,,,"$38,750.00","$42,083.00","$35,417.00","$21,250.00","$16,764.00",12.10%,11.60%,0.00%,11.10%
New Brockton,70.10%,21.00%,5.50%,,,0.20%,2.70%,2.50%,"$33,125.00","$38,300.00","$36,500.00","$18,594.00",,,,,
New Hope,93.70%,0.20%,2.50%,0.30%,,0.70%,2.50%,1.40%,"$38,423.00","$47,396.00","$33,135.00","$24,167.00","$19,104.00",5.70%,11.50%,15.30%,9.80%
New Market,88.50%,6.70%,1.40%,0.20%,,1.90%,1.30%,4.40%,"$42,857.00","$51,250.00","$36,250.00","$27,068.00","$22,043.00",11.90%,14.60%,35.30%,21.10%
New Site,89.27%,9.79%,0.59%,,,0.24%,0.12%,0.47%,"$29,167.00","$37,396.00","$25,977.00","$20,109.00","$14,113.00",13.30%,17.60%,23.70%,15.90%
New Union,,,,,,,,,,,,,,,,,
Newbern,22.94%,77.06%,,,,,,,"$20,682.00","$31,042.00","$25,625.00","$11,875.00","$9,476.00",17.50%,31.40%,40.00%,33.30%
Newell,,,,,,,,,,,,,,,,,
Newton,83.60%,13.00%,0.70%,0.50%,0.20%,0.00%,2.10%,1.50%,"$33,750.00","$47,019.00","$43,021.00","$30,368.00","$21,781.00",9.20%,14.40%,22.80%,5.70%
Newville,52.80%,44.30%,,,,2.71%,0.18%,2.35%,"$27,596.00","$31,375.00","$25,714.00","$21,250.00","$13,890.00",8.90%,14.90%,16.40%,20.20%
Normal,,,,,,,,,,,,,,,,,
North Courtland,2.38%,97.50%,0.13%,,,,,0.75%,"$19,875.00","$26,250.00","$25,938.00","$21,058.00","$12,776.00",19.80%,28.10%,32.60%,45.80%
North Johns,40.14%,59.15%,0.70%,,,,,,"$23,750.00","$33,750.00","$35,375.00","$7,083.00","$8,149.00",23.10%,31.20%,47.60%,60.70%
Northport,68.40%,26.90%,0.30%,1.10%,0.30%,2.00%,1.10%,4.10%,"$49,167.00","$68,017.00","$51,660.00","$36,566.00","$23,571.00",8.00%,15.40%,14.40%,9.90%
Notasulga,66.27%,32.42%,0.22%,,,0.55%,0.55%,0.76%,"$31,307.00","$34,479.00","$27,500.00","$18,684.00","$17,115.00",10.70%,17.80%,20.80%,11.20%
Oak Grove,96.72%,2.84%,0.44%,,,,,0.44%,"$28,625.00","$29,625.00","$29,417.00","$19,375.00","$12,865.00",10.40%,15.70%,21.00%,21.80%
Oak Grove,,,,,,,,,,,,,,,,,
Oak Hill,35.14%,64.86%,,,,,,,"$31,250.00","$31,250.00","$33,750.00",$0.00,"$7,659.00",0.00%,0.00%,0.00%,0.00%
Oakman,79.66%,19.60%,,,,,0.74%,0.74%,"$22,014.00","$31,964.00","$25,221.00","$17,321.00","$11,936.00",17.40%,20.20%,22.60%,26.10%
Oakville,,,,,,,,,,,,,,,,,
Odenville,94.20%,2.30%,0.30%,,,1.10%,1.50%,2.10%,"$53,936.00","$61,646.00","$45,652.00","$31,875.00","$22,464.00",5.50%,7.60%,5.40%,3.30%
Ohatchee,94.10%,3.20%,0.60%,0.00%,,,2.10%,0.60%,"$55,769.00","$62,266.00","$50,817.00","$26,563.00","$23,041.00",3.40%,4.60%,1.60%,8.10%
Oneonta,84.10%,6.00%,0.50%,0.50%,,7.60%,1.30%,15.90%,"$40,192.00","$50,236.00","$41,425.00","$22,160.00","$18,951.00",13.00%,17.90%,27.20%,16.40%
Onycha,99.04%,,0.96%,,,,,0.48%,"$17,500.00","$29,688.00","$29,375.00","$12,143.00","$12,530.00",11.50%,15.90%,18.90%,8.10%
Opelika,50.60%,43.50%,,1.70%,,,1.30%,4.40%,"$35,243.00","$47,864.00",,,,,,,
Opp,80.90%,16.70%,0.60%,0.30%,,,1.20%,0.90%,"$26,702.00","$32,436.00","$27,821.00","$21,280.00","$15,281.00",14.20%,18.20%,28.80%,15.80%
Orange Beach,94.30%,0.60%,0.70%,0.80%,,1.40%,2.20%,2.60%,"$66,656.00","$69,964.00","$54,806.00","$47,019.00","$40,153.00",1.20%,3.00%,0.00%,2.80%
Orion,,,,,,,,,,,,,,,,,
Orrville,51.30%,48.26%,,,,,0.43%,0.43%,"$28,571.00","$31,719.00","$29,583.00","$30,000.00","$15,418.00",9.90%,15.70%,0.00%,22.20%
Our Town,,,,,,,,,,,,,,,,,
Owens Cross Roads,91.50%,3.60%,1.00%,0.30%,,0.60%,3.00%,2.20%,"$40,625.00","$43,750.00","$43,889.00","$33,393.00","$21,542.00",23.60%,31.20%,60.90%,6.10%
Oxford,80.50%,12.60%,0.40%,1.10%,0.00%,3.90%,1.50%,6.60%,"$47,928.00","$53,612.00","$46,008.00","$30,231.00","$22,815.00",10.80%,13.40%,22.30%,7.40%
Ozark,64.80%,30.20%,0.70%,0.90%,0.00%,0.80%,2.60%,3.20%,"$41,079.00","$52,061.00","$41,513.00","$28,227.00","$22,103.00",13.60%,18.40%,27.20%,14.40%
Paint Rock,96.76%,,0.54%,,,,2.70%,,"$35,521.00","$36,875.00","$28,750.00","$16,719.00","$15,551.00",8.30%,10.80%,0.00%,0.00%
Palmerdale,,,,,,,,,,,,,,,,,
Panola,2.10%,97.90%,,,,,,,,,,,,,,,
Parrish,72.63%,25.32%,0.16%,0.16%,,0.63%,1.10%,0.95%,"$21,711.00","$26,193.00","$25,341.00","$16,900.00","$11,270.00",21.30%,24.20%,28.00%,26.80%
Pelham,81.20%,7.50%,0.30%,2.40%,,6.90%,1.60%,14.90%,"$67,622.00","$80,690.00","$56,277.00","$42,269.00","$30,467.00",3.80%,6.50%,9.10%,1.70%
Pell City,80.80%,15.60%,0.30%,0.80%,0.10%,1.10%,1.40%,2.30%,"$43,260.00",,,,,10.50%,10.70%,14.60%,9.40%
Pennington,64.31%,34.84%,0.28%,,,0.57%,,,"$32,917.00","$44,375.00","$33,438.00","$16,250.00","$14,022.00",13.70%,20.90%,21.80%,10.80%
Penton,,,,,,,,,,,,,,,,,
Perdido Beach,,,,,,,,,,,,,,,,,
Perote,,,,,,,,,,,,,,,,,
Peterman,,,,,,,,,,,,,,,,,
Peterson,,,,,,,,,,,,,,,,,
Petrey,95.24%,4.76%,,,,,,4.76%,"$34,583.00","$50,833.00","$26,500.00","$26,000.00","$20,659.00",0.00%,5.40%,0.00%,18.20%
Phenix City,48.70%,46.60%,0.30%,0.70%,0.20%,1.40%,2.20%,4.00%,"$33,120.00","$39,417.00","$36,827.00","$27,001.00","$18,883.00",20.30%,23.90%,39.70%,13.10%
Phil Campbell,95.20%,0.20%,0.40%,,,3.00%,1.20%,4.00%,"$24,886.00","$36,250.00","$25,625.00","$34,583.00","$14,174.00",23.30%,25.70%,26.10%,10.50%
Pickensville,36.20%,63.50%,0.30%,,,,,,"$25,357.00","$28,036.00","$25,625.00","$22,955.00","$15,575.00",29.20%,34.40%,43.60%,53.20%
Piedmont,87.00%,10.00%,0.50%,0.10%,0.00%,0.50%,1.90%,1.30%,"$31,589.00","$39,417.00","$36,332.00","$28,355.00","$17,573.00",21.10%,24.40%,39.00%,9.80%
Pike Road,68.50%,28.70%,0.10%,1.40%,,,,1.30%,,,,,,,,,
Pinckard,78.56%,17.84%,0.75%,0.15%,,,2.70%,3.15%,"$36,875.00","$41,176.00","$27,083.00","$18,036.00","$16,214.00",5.90%,7.10%,10.10%,14.50%
Pine Apple,62.76%,36.55%,,,,,0.69%,,"$35,625.00","$44,583.00","$29,583.00","$30,833.00","$16,876.00",7.70%,15.80%,35.90%,14.30%
Pine Hill,48.96%,49.90%,0.72%,0.10%,,,0.31%,0.10%,"$23,375.00","$32,813.00","$32,368.00","$17,396.00","$15,845.00",28.30%,30.90%,49.50%,21.00%
Pine Level,,,,,,,,,,,,,,,,,
Pine Ridge,76.20%,1.80%,,,0.40%,,1.40%,20.90%,"$28,250.00","$30,833.00","$22,404.00","$13,250.00","$14,237.00",15.30%,14.90%,16.40%,20.00%
Pinson,79.00%,17.00%,0.20%,0.40%,0.00%,2.20%,1.00%,3.70%,"$56,863.00","$63,221.00","$41,719.00","$36,066.00","$23,902.00",4.50%,5.70%,8.10%,3.20%
Pisgah,94.33%,0.14%,3.40%,,,,2.12%,0.28%,"$28,750.00","$36,250.00","$26,146.00","$17,917.00","$14,503.00",9.50%,10.40%,14.20%,15.00%
Plantersville,,,,,,,,,,,,,,,,,
Pleasant Grove,53.70%,44.80%,0.30%,0.20%,,0.20%,0.70%,0.60%,"$66,681.00","$72,341.00","$45,587.00","$40,830.00","$26,833.00",2.80%,2.00%,0.50%,2.60%
Pleasant Groves,89.04%,0.00%,5.37%,0.00%,0.00%,0.00%,5.59%,0.22%,"$33,854.00","$38,056.00","$31,705.00","$17,222.00","$14,251.00",5.80%,6.40%,4.00%,17.90%
Point Clear,56.13%,42.70%,0.16%,0.16%,,0.05%,0.80%,0.59%,"$37,305.00","$45,729.00","$39,844.00","$14,556.00","$26,271.00",16.10%,18.10%,30.20%,16.70%
Pollard,51.67%,41.67%,1.67%,,,0.83%,4.17%,1.67%,"$26,875.00","$28,750.00","$41,250.00","$17,813.00","$11,410.00",22.60%,26.60%,36.40%,30.40%
Powell,93.63%,4.10%,0.54%,0.11%,0.11%,0.65%,0.86%,2.70%,"$22,857.00","$25,000.00","$22,308.00","$17,250.00","$17,399.00",19.60%,31.10%,28.50%,18.30%
Prairieville,,,,,,,,,,,,,,,,,
Prattville,78.50%,16.70%,0.40%,1.40%,0.10%,1.10%,1.80%,3.10%,"$45,728.00","$51,774.00","$36,677.00","$22,978.00","$19,832.00",6.40%,8.30%,9.30%,9.20%
Priceville,95.89%,2.27%,0.67%,0.18%,,0.55%,0.43%,1.23%,"$51,875.00","$55,885.00","$37,679.00","$28,750.00","$22,056.00",2.20%,5.60%,13.90%,0.00%
Prichard,12.47%,85.80%,0.38%,0.08%,0.00%,0.36%,0.90%,0.75%,"$23,894.00","$29,100.00","$29,664.00","$21,969.00","$13,137.00",28.70%,33.70%,49.50%,22.60%
Providence,83.92%,15.11%,,0.96%,,,,0.64%,"$33,542.00","$39,375.00","$38,750.00","$24,821.00","$19,382.00",6.50%,10.10%,18.20%,15.30%
Putnam,23.30%,72.50%,2.60%,,,,1.60%,,,,,,,,,,
Quinton,,,,,,,,,,,,,,,,,
Ragland,82.80%,15.40%,0.10%,0.10%,,0.80%,0.90%,,"$32,292.00","$46,705.00","$52,593.00","$26,901.00","$16,690.00",15.50%,21.10%,30.50%,10.10%
Rainbow City,87.40%,7.20%,0.40%,2.60%,,1.00%,1.40%,2.40%,"$40,236.00","$60,000.00","$45,593.00","$32,421.00","$23,422.00",10.50%,12.60%,21.10%,7.80%
Rainsville,93.50%,0.20%,0.90%,0.20%,0.10%,2.10%,1.30%,3.80%,"$29,505.00","$37,426.00","$31,776.00","$19,618.00","$14,806.00",11.90%,14.40%,13.40%,18.30%
Ralph,,,,,,,,,,,,,,,,,
Ramer,,,,,,,,,,,,,,,,,
Ranburne,100.00%,,,,,,,0.00%,"$31,979.00","$40,250.00","$29,167.00","$20,000.00","$19,708.00",5.60%,7.10%,3.80%,17.30%
Range,,,,,,,,,,,,,,,,,
Ray,,,,,,,,,,,,,,,,,
Red Bay,92.50%,1.20%,0.30%,,,3.90%,1.90%,5.10%,"$27,303.00","$41,696.00","$38,328.00","$24,211.00","$18,133.00",23.50%,29.30%,47.40%,17.20%
Red Hill,,,,,,,,,,,,,,,,,
Red Level,88.67%,10.07%,0.18%,,,0.54%,0.54%,,"$25,956.00","$36,250.00","$25,833.00","$18,750.00","$14,491.00",11.00%,16.50%,22.30%,20.00%
Redland,,,,,,,,,,,,,,,,,
Redstone Arsenal,69.10%,20.80%,1.20%,1.70%,0.40%,2.90%,4.00%,$0.11,"$53,142.00","$48,750.00","$31,018.00","$25,500.00","$24,739.00",0.00%,0.00%,0.00%,0.00%
Reece City,98.74%,,,,,0.16%,1.10%,0.63%,"$37,262.00","$39,444.00","$30,833.00","$21,000.00","$16,384.00",10.70%,13.20%,29.20%,6.80%
Reeltown,,,,,,,,,,,,,,,,,
Reform,50.60%,48.20%,0.10%,,,0.40%,0.70%,0.90%,"$20,625.00","$24,875.00","$27,019.00","$16,827.00","$11,429.00",26.30%,30.00%,38.90%,26.60%
Rehobeth,95.90%,1.50%,0.80%,0.20%,,0.80%,0.90%,2.50%,"$51,328.00","$55,156.00","$37,647.00","$31,898.00","$20,195.00",7.30%,9.40%,11.20%,20.00%
Remlap,,,,,,,,,,,,,,,,,
Repton,66.79%,31.79%,,,,0.71%,0.71%,0.71%,"$22,083.00","$28,281.00","$29,583.00","$18,929.00","$12,469.00",15.60%,16.70%,27.90%,16.90%
Ridgeville,18.99%,79.11%,,,,,1.90%,,"$18,750.00","$16,875.00","$34,286.00","$11,250.00","$17,464.00",45.30%,46.20%,57.40%,55.60%
River Falls,62.50%,36.04%,0.65%,,,,0.81%,0.81%,"$21,838.00","$30,556.00","$22,266.00","$20,469.00","$14,016.00",14.30%,20.40%,27.00%,20.70%
Riverside,87.50%,10.60%,0.20%,0.70%,,0.10%,0.90%,1.10%,"$59,250.00","$65,057.00","$52,300.00","$31,713.00","$27,452.00",6.40%,9.00%,14.20%,6.00%
Riverview,93.94%,1.01%,1.01%,,1.01%,,3.03%,2.02%,"$21,667.00","$22,083.00","$26,250.00","$28,750.00","$13,783.00",28.00%,21.80%,15.40%,10.50%
Roanoke,57.60%,40.50%,0.20%,0.60%,,0.20%,0.90%,1.20%,"$30,073.00","$37,007.00","$35,096.00","$31,406.00","$20,286.00",25.80%,31.00%,47.70%,13.50%
Robertsdale,85.30%,5.40%,0.80%,0.50%,,6.10%,1.90%,9.20%,"$41,750.00","$47,253.00","$41,822.00","$26,239.00","$20,696.00",8.10%,10.10%,12.20%,9.70%
Rock Creek,97.50%,0.80%,0.70%,0.10%,,0.00%,0.80%,0.00%,"$43,370.00","$44,321.00","$44,500.00","$38,244.00","$19,878.00",8.40%,8.00%,8.00%,0.00%
Rock Mills,97.63%,2.22%,,,,0.15%,,1.63%,"$40,714.00","$48,393.00","$31,944.00","$20,117.00","$13,093.00",12.30%,16.20%,15.40%,52.30%
Rockford,65.65%,32.48%,,,0.23%,,1.64%,1.17%,"$20,000.00","$32,125.00","$30,000.00","$17,031.00","$13,350.00",24.30%,24.50%,27.60%,16.30%
Rockville,,,,,,,,,,,,,,,,,
Rogersville,91.20%,6.10%,1.00%,0.60%,,0.20%,0.80%,1.70%,"$32,727.00","$44,803.00","$44,219.00","$38,229.00","$19,605.00",12.20%,12.80%,12.50%,10.80%
Rosa,99.68%,,0.32%,,,,,0.64%,"$40,000.00","$56,563.00","$31,250.00","$30,625.00","$17,042.00",6.20%,7.50%,14.50%,3.40%
Russellville,73.68%,11.25%,0.35%,0.12%,0.27%,7.54%,1.17%,12.64%,"$25,333.00","$35,799.00","$27,238.00","$18,551.00","$14,871.00",16.70%,22.20%,29.20%,24.90%
Rutledge,71.01%,28.36%,,,,,0.63%,,"$17,500.00","$22,500.00","$25,179.00","$18,583.00","$10,226.00",30.90%,30.20%,33.60%,26.50%
Safford,,,,,,,,,,,,,,,,,
Saginaw,,,,,,,,,,,,,,,,,
Saint Clair Springs,,,,,,,,,,,,,,,,,
Saint Florian,98.81%,0.60%,,0.60%,,,,,"$46,250.00","$48,125.00","$36,364.00","$21,250.00","$17,522.00",9.20%,9.80%,16.50%,7.50%
Saint Stephens,,,,,,,,,,,,,,,,,
Saks,75.70%,19.40%,0.40%,0.80%,0.00%,1.70%,2.00%,3.40%,"$43,955.00","$53,129.00","$45,637.00","$30,774.00","$20,968.00",12.20%,15.70%,19.50%,9.10%
Salem,,,,,,,,,,,,,,,,,
Samantha,,,,,,,,,,,,,,,,,
Samson,73.30%,17.90%,1.10%,,,5.20%,2.10%,8.30%,"$18,768.00","$25,060.00","$29,167.00","$19,682.00","$11,606.00",31.60%,32.50%,44.70%,19.40%
Sand Rock,99.41%,0.39%,,,,,,,"$35,179.00","$44,063.00","$28,523.00","$17,375.00","$18,845.00",10.90%,12.60%,16.50%,19.70%
Sanford,97.77%,,0.74%,,,,1.49%,1.86%,"$20,139.00","$25,313.00","$19,844.00","$13,333.00","$10,558.00",19.10%,19.10%,20.80%,11.60%
Saraland,83.70%,12.00%,0.80%,0.60%,0.10%,1.50%,1.40%,2.50%,"$48,721.00","$54,845.00","$44,201.00","$31,235.00","$22,192.00",8.80%,14.90%,28.30%,7.00%
Sardis City,98.20%,0.40%,0.10%,,0.00%,,0.60%,0.70%,"$45,714.00","$59,352.00","$44,091.00","$28,333.00","$22,767.00",6.20%,11.40%,8.90%,33.50%
Satsuma,88.70%,7.90%,1.20%,0.60%,,0.40%,1.10%,1.10%,"$59,289.00","$63,333.00","$46,938.00","$33,791.00","$25,087.00",0.00%,0.70%,0.00%,1.50%
Sawyerville,,,,,,,,,,,,,,,,,
Sayre,,,,,,,,,,,,,,,,,
Scottsboro,89.80%,4.60%,0.80%,0.80%,0.20%,2.00%,1.80%,3.50%,"$36,554.00","$48,803.00","$35,909.00","$25,403.00","$21,065.00",14.60%,16.80%,23.00%,14.60%
Seale,,,,,,,,,,,,,,,,,
Section,93.89%,0.78%,2.34%,,,0.13%,2.86%,0.52%,"$31,500.00","$37,115.00","$29,205.00","$20,781.00","$17,036.00",15.00%,16.30%,25.50%,12.40%
Selfville,,,,,,,,,,,,,,,,,
Selma,18.00%,80.30%,0.20%,0.60%,,0.10%,0.80%,0.60%,"$21,261.00","$28,345.00","$29,769.00","$18,129.00","$13,369.00",26.90%,31.70%,41.80%,28.00%
Selmont-West Selmont,4.50%,93.90%,0.10%,0.00%,,0.00%,0.40%,1.50%,"$25,064.00","$26,741.00","$21,536.00","$23,101.00","$9,798.00",36.10%,34.00%,39.30%,36.90%
Seminole,,,,,,,,,,,,,,,,,
Semmes,,,,,,,,,,,,,,,,,
Sheffield,69.70%,26.80%,0.30%,0.30%,0.10%,1.10%,1.70%,2.30%,"$34,910.00","$42,718.00","$39,692.00","$25,464.00","$19,619.00",16.40%,21.10%,36.30%,5.70%
Shelby,,,,,,,,,,,,,,,,,
Shiloh,97.58%,,1.38%,,,0.35%,0.69%,0.69%,"$34,861.00","$36,696.00","$29,219.00","$25,893.00","$28,431.00",4.30%,9.70%,8.20%,15.20%
Shoal Creek,,,,,,,,,,,,,,,,,
Shorter,16.00%,82.00%,1.00%,,,,1.00%,,"$18,929.00","$37,188.00","$26,667.00","$17,000.00","$10,630.00",28.00%,31.00%,47.00%,43.00%
Silas,71.83%,25.71%,,,,0.19%,2.27%,0.19%,"$20,882.00","$25,833.00","$27,955.00","$18,500.00","$14,074.00",16.50%,19.00%,27.10%,11.60%
Silverhill,98.05%,,0.16%,0.65%,,,1.14%,1.46%,"$42,083.00","$51,964.00","$30,417.00","$25,938.00","$20,723.00",3.80%,4.80%,4.60%,5.10%
Sims Chapel,,,,,,,,,,,,,,,,,
Sipsey,68.12%,31.34%,0.18%,,,0.18%,0.18%,0.18%,"$23,000.00","$26,500.00","$25,625.00","$20,750.00","$8,644.00",23.30%,24.80%,26.00%,31.30%
Skyline,94.90%,,2.73%,0.12%,,,2.25%,0.71%,"$29,250.00","$31,985.00","$28,026.00","$20,341.00","$12,780.00",9.40%,13.70%,12.10%,22.00%
Slocomb,72.20%,22.60%,0.80%,0.10%,,2.60%,1.70%,4.70%,"$32,212.00","$39,496.00","$25,962.00","$21,250.00","$12,772.00",20.60%,23.80%,32.10%,29.50%
Smiths Station,80.30%,15.90%,0.70%,0.50%,0.00%,0.60%,2.00%,2.80%,"$47,969.00","$54,698.00","$38,294.00","$25,394.00","$20,678.00",7.50%,9.80%,13.70%,12.10%
Smoke Rise,98.00%,,0.50%,0.10%,,,0.80%,0.70%,"$71,446.00","$80,333.00","$42,969.00","$41,818.00","$27,909.00",0.00%,0.00%,0.00%,0.00%
Snead,96.80%,0.10%,0.50%,0.10%,,0.80%,1.70%,1.80%,"$36,029.00","$41,563.00","$23,558.00","$13,799.00","$15,891.00",9.80%,15.00%,15.80%,20.20%
Snow Hill,,,,,,,,,,,,,,,,,
Somerville,91.35%,5.76%,1.73%,,,0.29%,0.86%,0.58%,"$26,250.00","$31,250.00","$29,107.00","$18,958.00","$13,747.00",13.30%,13.70%,11.00%,32.10%
South Vinemont,94.59%,0.47%,1.41%,,,0.24%,3.29%,4.00%,"$26,806.00","$35,000.00","$30,250.00","$16,250.00","$16,141.00",11.10%,16.50%,10.10%,18.20%
Southside,96.54%,1.46%,0.18%,0.67%,,0.40%,0.71%,1.27%,"$52,464.00","$58,427.00","$41,664.00","$29,375.00","$21,936.00",2.20%,3.60%,3.10%,5.40%
Spanish Fort,91.00%,4.80%,0.60%,1.40%,,0.70%,1.40%,2.40%,"$65,244.00","$76,469.00","$58,958.00","$36,695.00","$32,856.00",1.80%,3.20%,1.10%,2.80%
Spring Garden,,,,,,,,,,,,,,,,,
Spring Hill,,,,,,,,,,,,,,,,,
Spring Valley,,,,,,,,,,,,,,,,,
Springville,93.60%,4.70%,0.30%,0.40%,0.10%,,0.90%,0.70%,"$66,667.00","$75,679.00","$60,893.00","$31,782.00","$27,526.00",7.90%,9.20%,11.60%,9.90%
Sprott,,,,,,,,,,,,,,,,,
Spruce Pine,,,,,,,,,,,,,,,,,
Standing Rock,,,,,,,,,,,,,,,,,
Stapleton,,,,,,,,,,,,,,,,,
Steele,94.60%,,,0.40%,,3.30%,1.20%,5.10%,"$36,023.00","$41,719.00","$35,776.00","$29,583.00","$18,922.00",16.30%,20.60%,44.80%,6.70%
Sterrett,,,,,,,,,,,,,,,,,
Stevenson,73.80%,17.40%,1.10%,0.40%,,2.60%,4.30%,3.90%,"$30,241.00","$37,634.00","$31,210.00","$22,917.00","$14,647.00",26.60%,31.80%,44.90%,25.30%
Stewartville,,,,,,,,,,,,,,,,,
Stockton,,,,,,,,,,,,,,,,,
Straight Mountain,,,,,,,,,,,,,,,,,
Sulligent,78.30%,19.30%,,,,0.30%,2.00%,0.80%,"$22,469.00","$34,231.00","$36,125.00","$30,167.00","$17,094.00",18.10%,18.70%,17.30%,15.80%
Sumiton,93.20%,4.00%,0.40%,0.20%,0.00%,0.60%,1.60%,0.80%,"$34,036.00","$45,028.00","$43,500.00","$27,813.00","$19,162.00",15.40%,18.40%,19.40%,9.60%
Summerdale,90.23%,4.89%,1.07%,0.15%,,0.92%,2.75%,2.29%,"$27,917.00","$32,159.00","$26,563.00","$19,167.00","$13,775.00",13.70%,16.40%,28.30%,4.90%
Summit,,,,,,,,,,,,,,,,,
Susan Moore,93.48%,0.14%,0.83%,0.14%,,5.41%,,5.96%,"$35,417.00","$44,167.00","$32,431.00","$19,688.00","$14,540.00",10.30%,10.90%,7.80%,28.90%
Sweet Water,91.10%,7.80%,,,,1.20%,,1.20%,,,,,,,,,
Sylacauga,69.17%,28.91%,0.26%,0.29%,0.06%,0.40%,0.91%,0.97%,"$29,533.00","$40,275.00","$32,092.00","$21,990.00","$16,209.00",16.60%,21.30%,33.60%,16.70%
Sylvan Springs,97.30%,1.40%,0.50%,0.00%,,,0.70%,0.50%,"$60,938.00","$71,944.00","$56,250.00","$37,692.00","$25,653.00",5.40%,7.50%,12.00%,6.00%
Sylvania,86.70%,0.20%,0.80%,0.20%,,7.50%,4.40%,11.20%,"$34,079.00","$40,648.00","$35,417.00","$27,857.00","$17,793.00",22.30%,24.00%,34.10%,18.00%
Talladega Springs,91.13%,6.45%,0.81%,,,,1.61%,1.61%,"$35,833.00","$41,250.00","$36,042.00","$14,167.00","$29,556.00",11.10%,17.20%,38.50%,29.60%
Talladega,47.70%,48.70%,0.30%,0.50%,0.00%,1.60%,1.20%,3.40%,"$32,449.00","$38,147.00","$31,957.00","$24,209.00","$15,146.00",22.70%,25.50%,38.80%,19.00%
Tallassee,72.40%,23.40%,0.40%,0.60%,0.10%,1.70%,1.30%,3.00%,"$32,941.00","$56,910.00","$35,658.00","$34,018.00","$17,944.00",12.50%,17.20%,18.90%,14.20%
Tannehill,,,,,,,,,,,,,,,,,
Tanner,,,,,,,,,,,,,,,,,
Tarrant,39.00%,52.30%,0.80%,0.30%,0.80%,5.30%,1.50%,9.00%,"$28,385.00","$30,938.00","$25,451.00","$25,521.00","$13,990.00",25.00%,30.20%,50.30%,6.90%
Taylor,87.50%,7.20%,0.80%,0.10%,,2.40%,2.10%,5.20%,"$43,603.00","$49,500.00","$31,795.00","$29,276.00","$16,833.00",16.90%,21.00%,32.30%,10.50%
Tensaw,,,,,,,,,,,,,,,,,
Theodore,79.70%,13.30%,1.10%,2.40%,,1.10%,2.20%,3.20%,"$41,473.00","$44,950.00","$33,673.00","$23,658.00","$17,384.00",17.90%,22.60%,37.80%,10.80%
Thomaston,48.56%,50.13%,,,,,1.31%,2.35%,"$25,972.00","$31,250.00","$32,404.00","$21,750.00","$13,390.00",22.10%,29.20%,43.20%,33.80%
Thomasville,47.20%,51.70%,0.40%,0.80%,,0.50%,,1.30%,"$26,549.00","$32,476.00","$32,212.00","$21,319.00","$14,916.00",,,,
Thorsby,89.70%,5.70%,0.10%,0.60%,0.10%,3.30%,0.60%,5.70%,"$45,179.00","$52,813.00","$43,235.00","$37,772.00","$21,269.00",9.50%,11.90%,19.60%,7.60%
Tibbie,,,,,,,,,,,,,,,,,
Tidmore Bend,,,,,,,,,,,,,,,,,
Tillmans Corner,82.20%,11.40%,0.60%,2.10%,0.10%,1.60%,1.90%,3.80%,"$38,031.00","$44,784.00","$38,617.00","$25,544.00","$18,291.00",18.40%,20.40%,28.20%,8.50%
Town Creek,52.40%,36.00%,2.10%,0.10%,,4.40%,5.10%,6.50%,"$19,120.00","$26,667.00","$35,875.00","$26,667.00","$12,661.00",32.50%,35.50%,44.40%,36.70%
Toxey,86.84%,13.16%,,,,,,,"$23,750.00","$27,143.00","$36,250.00","$17,188.00","$16,244.00",7.10%,13.80%,22.90%,29.40%
Trafford,98.47%,0.96%,,,,0.19%,0.38%,0.19%,"$23,611.00","$32,292.00","$29,375.00","$18,750.00","$11,926.00",17.00%,21.30%,34.90%,22.00%
Triana,11.35%,86.46%,1.09%,0.44%,,,0.66%,0.22%,"$26,250.00","$30,750.00","$26,875.00","$16,538.00","$13,012.00",27.30%,27.60%,44.60%,7.50%
Trinity,88.60%,6.70%,1.10%,0.20%,,1.70%,1.60%,3.30%,"$61,060.00","$71,818.00","$54,250.00","$34,205.00","$28,628.00",0.90%,2.70%,1.70%,3.70%
Troy,55.00%,39.01%,0.40%,3.36%,0.04%,0.78%,1.38%,1.97%,"$25,352.00","$39,601.00","$29,190.00","$20,368.00","$15,589.00",17.70%,23.50%,27.50%,19.80%
Trussville,90.30%,6.60%,0.20%,1.60%,0.10%,0.50%,0.80%,1.30%,,,,,,,,,
Tuscaloosa,53.80%,41.50%,0.20%,1.80%,0.00%,1.50%,1.10%,3.00%,"$31,874.00","$49,588.00","$36,231.00","$30,552.00","$21,042.00",17.00%,29.80%,32.50%,12.40%
Tuscumbia,75.91%,21.16%,0.39%,0.33%,,0.48%,1.70%,1.37%,"$28,793.00","$39,831.00","$32,159.00","$18,860.00","$18,302.00",11.10%,15.10%,21.70%,19.92%
Tuskegee,1.90%,95.80%,0.10%,0.50%,0.00%,0.30%,1.30%,1.30%,"$24,251.00","$43,472.00","$40,653.00","$26,631.00","$15,471.00",22.20%,31.60%,40.00%,10.20%
Twin,,,,,,,,,,,,,,,,,
Underwood-Petersville,91.30%,6.20%,0.20%,0.60%,,0.40%,0.57%,1.00%,"$39,774.00","$47,356.00","$46,950.00","$29,167.00","$21,534.00",9.40%,11.20%,10.60%,1.20%
Union Grove,97.87%,,1.06%,1.06%,,,,,"$36,250.00","$36,250.00","$32,292.00","$19,375.00","$15,467.00",15.40%,9.80%,0.00%,20.00%
Union Springs,12.90%,71.80%,0.20%,0.40%,1.10%,12.80%,0.80%,17.00%,"$22,476.00","$26,167.00","$37,689.00","$21,372.00","$20,485.00",39.00%,44.40%,73.90%,19.40%
Union,7.93%,92.07%,,,,,,,"$22,031.00","$28,125.00","$30,625.00","$17,083.00","$10,842.00",36.40%,32.60%,42.50%,60.00%
Uniontown,9.10%,90.60%,,,,,,0.50%,"$15,054.00","$17,473.00","$34,038.00","$23,438.00","$9,452.00",43.10%,45.20%,55.20%,51.50%
Uriah,,,,,,,,,,,,,,,,,
Valhermoso Springs,,,,,,,,,,,,,,,,,
Valley Grande,75.20%,23.00%,0.40%,0.40%,,0.20%,0.80%,,"$57,432.00","$64,461.00","$42,456.00","$37,722.00","$25,767.00",8.70%,8.80%,15.10%,6.40%
Valley Head,92.47%,2.29%,0.65%,0.16%,0.16%,,4.26%,2.29%,"$29,013.00","$36,250.00","$28,558.00","$17,222.00","$13,582.00",12.20%,15.90%,21.40%,21.50%
Valley,64.00%,33.00%,0.10%,1.20%,,0.60%,1.10%,1.70%,"$31,501.00","$40,013.00","$36,345.00","$29,905.00","$15,928.00",18.20%,20.70%,28.40%,12.90%
Vance,88.80%,7.20%,0.40%,,,1.70%,1.30%,5.60%,"$55,938.00","$70,114.00","$49,583.00","$38,450.00","$24,406.00",3.40%,4.50%,2.10%,8.70%
Vandiver,,,,,,,,,,,,,,,,,
Verbena,,,,,,,,,,,,,,,,,
Vernon,79.40%,18.10%,0.30%,0.00%,,,1.20%,1.70%,"$34,236.00","$43,950.00","$41,339.00","$21,331.00","$16,814.00",15.90%,19.60%,22.20%,10.60%
Vestavia Hills,90.40%,3.80%,0.20%,3.80%,0.10%,,1.00%,2.50%,,,,,,,,,
Village Springs,,,,,,,,,,,,,,,,,
Vina,97.50%,0.50%,,,,0.25%,1.75%,1.75%,"$18,594.00","$20,625.00","$23,000.00","$19,444.00","$10,662.00",46.10%,47.50%,69.30%,52.90%
Vincent,78.70%,19.80%,0.40%,0.10%,,0.10%,1.00%,0.70%,"$43,125.00","$54,640.00","$44,310.00","$31,467.00","$22,782.00",2.70%,6.20%,0.00%,14.40%
Vinegar Bend,,,,,,,,,,,,,,,,,
Vineland,,,,,,,,,,,,,,,,,
Vinemont,,,,,,,,,,,,,,,,,
Vredenburgh,10.70%,88.99%,,,,,0.31%,,"$27,321.00","$27,917.00","$26,500.00","$10,833.00","$5,892.00",27.70%,31.00%,35.30%,30.40%
Wadley,65.16%,33.28%,,,,1.09%,0.47%,2.19%,"$17,500.00","$24,219.00","$26,563.00","$18,750.00","$9,076.00",29.40%,30.90%,38.60%,28.20%
Wagarville,,,,,,,,,,,,,,,,,
Waldo,55.16%,44.48%,,,,,0.36%,,"$26,563.00","$31,750.00","$31,364.00","$19,375.00","$13,743.00",19.60%,17.50%,15.40%,22.20%
Wallace,,,,,,,,,,,,,,,,,
Walnut Grove,98.31%,,0.14%,0.14%,,,1.41%,0.42%,"$26,688.00","$29,519.00","$25,982.00","$17,279.00","$12,372.00",15.30%,17.40%,19.90%,17.50%
Warrior,83.10%,14.20%,0.20%,0.40%,,0.20%,1.80%,0.80%,"$35,851.00","$44,583.00","$43,504.00","$30,081.00","$25,263.00",11.40%,12.50%,6.40%,16.20%
Waterloo,97.12%,,,,,1.44%,1.44%,1.44%,"$25,536.00","$31,000.00","$33,750.00","$18,750.00","$15,167.00",11.30%,9.70%,3.20%,19.00%
Watson,,,,,,,,,,,,,,,,,
Waugh,,,,,,,,,,,,,,,,,
Waverly,80.98%,19.02%,,,,,,,"$32,917.00","$38,750.00","$26,625.00","$16,071.00","$18,406.00",3.70%,7.60%,0.00%,0.00%
Weaver,81.40%,13.60%,0.70%,1.10%,0.30%,0.50%,2.50%,3.00%,"$40,791.00","$48,478.00","$34,125.00","$25,573.00","$20,078.00",10.90%,11.50%,12.20%,5.10%
Webb,74.80%,18.70%,0.70%,,,,1.50%,6.20%,"$34,650.00","$38,352.00","$32,847.00","$18,938.00","$15,124.00",13.20%,15.40%,20.20%,13.70%
Wedowee,68.70%,30.20%,0.12%,0.49%,,0.24%,0.24%,0.12%,"$26,136.00","$37,292.00","$24,250.00","$22,250.00","$12,638.00",17.10%,20.90%,25.70%,21.40%
Weogufka,,,,,,,,,,,,,,,,,
West Blocton,85.60%,13.20%,0.40%,,,0.10%,0.60%,0.10%,"$34,844.00","$59,875.00","$37,384.00","$31,167.00","$22,224.00",11.30%,11.40%,12.20%,12.00%
West End-Cobb Town,76.10%,20.90%,0.50%,0.20%,0.00%,0.40%,1.90%,1.60%,"$23,269.00","$30,469.00","$26,438.00","$28,719.00","$13,201.00",24.50%,28.30%,45.30%,14.10%
West Jefferson,99.71%,,,,,,0.29%,,"$47,813.00","$53,750.00","$36,406.00","$30,000.00","$19,256.00",1.80%,2.60%,0.00%,0.00%
West Point,100.00%,,,,,,,0.68%,"$28,295.00","$36,875.00","$24,821.00","$19,250.00","$14,963.00",11.00%,12.70%,17.30%,8.80%
Westover,,,,,,,,,,,,,,,,,
Wetumpka,64.88%,32.83%,0.40%,0.40%,0.07%,1.38%,0.94%,2.32%,"$35,536.00","$41,500.00","$32,403.00","$23,234.00","$15,729.00",7.70%,11.70%,19.50%,10.70%
Whatley,,,,,,,,,,,,,,,,,
White Hall,1.38%,98.03%,0.10%,0.20%,,,0.30%,0.79%,"$18,158.00","$21,875.00","$20,885.00","$18,125.00","$10,062.00",29.40%,31.70%,35.80%,47.50%
White Plains,,,,,,,,,,,,,,,,,
Whitesboro,,,,,,,,,,,,,,,,,
Wilmer,,,,,,,,,,,,,,,,,
Wilsonville,92.52%,5.22%,0.90%,0.77%,,0.26%,0.32%,0.58%,"$42,105.00","$48,409.00","$40,263.00","$25,598.00","$21,112.00",4.50%,7.40%,7.80%,5.80%
Wilton,73.28%,23.62%,0.86%,0.17%,,,2.07%,3.28%,"$33,750.00","$40,833.00","$30,893.00","$20,500.00","$15,056.00",9.40%,12.90%,27.50%,10.90%
Winfield,92.90%,4.50%,0.30%,0.30%,,0.90%,1.00%,2.00%,"$34,617.00","$43,692.00","$38,250.00","$32,250.00","$19,386.00",16.40%,18.60%,21.10%,24.40%
Winterboro,,,,,,,,,,,,,,,,,
Woodland,88.54%,11.46%,,,,,,,"$31,500.00","$41,250.00","$43,750.00","$24,375.00","$17,106.00",15.20%,14.90%,22.70%,5.40%
Woodstock,93.00%,3.40%,,,,,1.00%,2.10%,"$48,750.00","$52,417.00","$42,500.00","$32,885.00","$20,855.00",8.00%,9.20%,8.70%,5.90%
Woodville,96.98%,,1.71%,0.13%,,,1.18%,0.92%,"$35,000.00","$37,426.00","$27,946.00","$17,292.00","$15,796.00",9.70%,11.50%,11.50%,20.50%
Wren,,,,,,,,,,,,,,,,,
Yellow Bluff,5.52%,92.82%,1.10%,,,,0.55%,1.10%,"$11,389.00","$13,125.00","$68,750.00","$16,250.00","$9,322.00",43.40%,47.50%,50.00%,58.30%
Yellow Pine,,,,,,,,,,,,,,,,,
York,13.30%,85.30%,0.20%,0.10%,,,0.20%,1.00%,"$19,000.00","$19,152.00","$38,654.00","$22,007.00","$13,577.00",41.50%,42.70%,63.10%,17.40%